timestamp,action,trend,pattern,pattern_type,has_pattern,pattern_matches_trend,entry_price,sl_price,tp_price,exit_price,outcome,outcome_binary,rr_achieved,rsi,ema50_slope,ema200_slope,price_vs_ema50,price_vs_ema200,vol_ratio,bb_width,atr,fib_range
2022-02-27 00:00:00,SHORT,DOWNTREND,PINBAR,BULLISH,1,0,38788.64,39567.61211999999,34322.28,39567.61211999999,LOSS,0,-1.0,43.57439051625786,0.19641019979026453,0.06353847810103286,-0.04645898518337479,-0.38976589943852563,1.4225364586443008,0.01814600165768424,339.1749999999998,6026.169999999998
2022-02-27 01:00:00,SHORT,DOWNTREND,NONE,NONE,0,0,38240.04,39594.657119999996,34322.28,39594.657119999996,LOSS,0,-1.0,33.86085300587722,0.07905364899694067,0.037957976134017635,-1.403677129238186,-1.7810073039176932,1.8686876313013672,0.02673030704815933,357.2050000000002,6026.169999999998
2022-02-27 02:00:00,SHORT,DOWNTREND,NONE,NONE,0,0,38530.22,39610.82819142856,34322.28,39610.82819142856,LOSS,0,-1.0,40.19002375296919,-0.015469738862050608,0.021765189207445523,-0.6299470635170559,-1.0254845123648269,0.8445855107474926,0.02925559266051338,367.9857142857145,6026.169999999998
2022-02-27 03:00:00,SHORT,DOWNTREND,NONE,NONE,0,0,38606.81,39593.67247714285,34322.28,39593.67247714285,LOSS,0,-1.0,39.70847924336299,-0.06927871080496528,0.005141167556632631,-0.41553303850809176,-0.8205653816244582,0.6800893162033752,0.030472317046761493,356.54857142857145,6026.169999999998
2022-02-27 04:00:00,SHORT,DOWNTREND,NONE,NONE,0,0,38547.38,39567.76533428571,34322.28,39567.76533428571,LOSS,0,-1.0,35.45637020867284,-0.12407322996597081,-0.009014807349638776,-0.5466448368963431,-0.9636481549168749,0.5693061102473349,0.03184699915756953,339.2771428571432,6026.169999999998
2022-02-27 05:00:00,SHORT,DOWNTREND,NONE,NONE,0,0,38584.32,39576.83176285714,34322.28,39576.83176285714,LOSS,0,-1.0,36.320893711433044,-0.1398572241611662,-0.026044339818998008,-0.4337157826562698,-0.8601716622763085,0.7370261733720276,0.03289085324655711,345.32142857142856,6026.169999999998
2022-02-27 14:00:00,SHORT,DOWNTREND,ENGULFING,BEARISH,1,1,38800.0,39683.79033428571,34322.28,38378.07,WIN,1,0.4774096113429542,50.18131787449483,0.23847473971043698,0.03248999258160801,-0.15943955310567776,-0.3469913329354359,1.6834192628216633,0.039883160244324936,416.62714285714276,6026.169999999998
2022-02-28 07:00:00,SHORT,DOWNTREND,PINBAR,BULLISH,1,0,38347.58,40004.468905714275,34322.28,40004.468905714275,LOSS,0,-1.0,42.40428592009809,-0.2875139809882632,-0.2542784660077402,-0.3039750711558797,-1.1766477332344023,1.0297518216569035,0.07270206302349869,630.4128571428565,6026.169999999998
2022-02-28 08:00:00,SHORT,DOWNTREND,NONE,NONE,0,0,38302.12,40019.137834285706,34322.28,40019.137834285706,LOSS,0,-1.0,42.498929309986224,-0.2247417907336402,-0.23944443452494912,-0.40567375278042106,-1.2810913859647646,0.8925813702226343,0.0631559173277561,640.192142857142,6026.169999999998
2022-02-28 09:00:00,SHORT,DOWNTREND,NONE,NONE,0,0,38105.83,39911.68640571428,34322.28,39911.68640571428,LOSS,0,-1.0,58.39565539040966,-0.18660159362836604,-0.2267245236101778,-0.8804647974309101,-1.769537740151796,0.6982888985364879,0.05962715971433703,568.5578571428565,6026.169999999998
2022-02-28 10:00:00,SHORT,DOWNTREND,NONE,NONE,0,0,38378.07,39862.76483142857,34379.04,39862.76483142857,LOSS,0,-1.0,57.12889779031373,-0.12351087414491646,-0.2039659497767965,-0.16557714791482558,-1.0572364727729298,0.6123129404366267,0.057817514182444255,527.8457142857135,5969.409999999996
2022-02-28 11:00:00,SHORT,DOWNTREND,NONE,NONE,0,0,38333.65,39789.56590285714,34379.04,39789.56590285714,LOSS,0,-1.0,69.229186524516,-0.08264311703370941,-0.19269281179673525,-0.270133814114299,-1.1602319882136656,0.5976772247691646,0.04977839575964947,479.0464285714276,5969.409999999996
2022-02-28 12:00:00,SHORT,DOWNTREND,NONE,NONE,0,0,38276.92,39872.28974571428,34818.09,39872.28974571428,LOSS,0,-1.0,61.25014110221684,-0.08661605587541032,-0.17780401224593012,-0.4014085425509893,-1.2936731697603119,1.066742117001877,0.043513527172024155,471.55785714285594,5530.360000000001
2022-04-26 13:00:00,SHORT,DOWNTREND,NONE,NONE,0,0,39823.53,40641.17673142857,38200.0,38200.0,WIN,1,1.9856130252773263,28.472514987602608,0.19490765065643956,0.053229204005167396,-0.20631014504570028,-0.9410602467472844,2.5398721668645954,0.021531300405472173,266.4607142857125,2597.3099999999977
2022-05-16 08:00:00,SHORT,DOWNTREND,NONE,NONE,0,0,29797.9,31079.585357142856,26700.0,30384.61,LOSS,0,-0.4577644557849196,41.43148520923044,-0.13530163747464963,-0.3124941057039088,-0.965661254090908,-4.736863166388946,1.0239694231303844,0.06876309400101105,425.48357142857145,4760.0
2022-05-16 11:00:00,SHORT,DOWNTREND,NONE,NONE,0,0,29950.95,31078.029285714285,26750.0,30412.06,LOSS,0,-0.40911939900285993,32.51546519941557,-0.17205752893797444,-0.4122432281633781,-0.39311603191623057,-4.123905981024147,0.8932643220285379,0.07196029729787101,417.31285714285696,4710.0
2022-06-22 00:00:00,SHORT,DOWNTREND,NONE,NONE,0,0,20587.01,21336.826714285715,17622.0,19879.97,WIN,1,0.9429504391263553,34.31698079971818,0.12672915832308007,-0.2992265625084811,-0.46595479571803505,-4.761902012310194,0.9188412660099793,0.05233465431700428,327.62714285714304,4101.0
2022-06-22 01:00:00,SHORT,DOWNTREND,NONE,NONE,0,0,20411.24,21324.108857142855,17622.0,20005.3,WIN,1,0.444685999334598,36.93712909770028,0.03657919531279141,-0.34131355654464235,-1.2648212419935043,-5.522626713238391,0.7429038425701897,0.05978922173463687,319.1485714285718,4101.0
2022-06-22 02:00:00,SHORT,DOWNTREND,NONE,NONE,0,0,20466.47,21311.97921428571,17622.0,20103.32,WIN,1,0.42950448542041275,34.17426540073326,-0.06092540860795914,-0.3808840842309036,-0.9589088069134348,-5.217310449871273,0.8388019534019997,0.06536448857067192,311.06214285714304,4101.0
2022-06-22 03:00:00,SHORT,DOWNTREND,NONE,NONE,0,0,20317.88,21275.4735,17622.0,19987.99,WIN,1,0.34449899670371587,10.721033410798924,-0.16829986899046245,-0.41964268540830574,-1.6132227589321706,-5.850125541199677,0.7039833449843574,0.07259422890420923,286.7250000000001,4101.0
2022-06-22 04:00:00,SHORT,DOWNTREND,NONE,NONE,0,0,20435.08,21264.649928571427,17622.0,20419.14,WIN,1,0.019214775573473435,16.89136151902511,-0.216366132859247,-0.4461140201533875,-1.0051009692672732,-5.25700876867759,0.6001301887329772,0.07516307448218554,279.5092857142858,4101.0
2022-06-22 05:00:00,SHORT,DOWNTREND,NONE,NONE,0,0,20368.76,21260.951357142854,17622.0,20375.49,LOSS,0,-0.007543224831896245,18.276556833328215,-0.24930090970584073,-0.46571750444821536,-1.2750273147821722,-5.51217157740725,0.7120880843199225,0.07880671606145208,277.0435714285712,4101.0
2022-06-22 08:00:00,SHORT,DOWNTREND,NONE,NONE,0,0,20235.07,21300.019928571426,17622.0,20357.17,LOSS,0,-0.11465327779662766,24.66194047340055,-0.3563954646107148,-0.5562889983719566,-1.6637538423305995,-5.95086952455126,0.6042545912011962,0.0935381212772298,303.0892857142857,4101.0
2022-06-22 09:00:00,SHORT,DOWNTREND,NONE,NONE,0,0,20428.56,21281.92457142857,17622.0,20349.16,WIN,1,0.09304346894444225,36.379461430973706,-0.3437982842815601,-0.5645557879835006,-0.6952782717030249,-5.003812071575944,1.1644998869159626,0.08689442948213759,291.02571428571434,4101.0
2022-06-22 10:00:00,SHORT,DOWNTREND,NONE,NONE,0,0,20419.23,21268.15457142857,17622.0,20548.51,LOSS,0,-0.15228679243250814,36.80329685469042,-0.32089487690647456,-0.5669289142641643,-0.7117944239007337,-4.9994880269972,0.8791008033540786,0.07856335938570527,281.8457142857143,4101.0
2022-06-22 11:00:00,SHORT,DOWNTREND,NONE,NONE,0,0,20506.3,21271.443857142855,17622.0,20461.83,WIN,1,0.05811978961192236,35.80429451958943,-0.23377959100082668,-0.5572212212513694,-0.2771386720745971,-4.550759689520769,0.9354814349972046,0.07165591647629263,284.0385714285715,4101.0
2022-06-22 12:00:00,SHORT,DOWNTREND,NONE,NONE,0,0,20365.5,21293.36957142857,17622.0,20576.66,LOSS,0,-0.22757508867856568,34.44432737447177,-0.17419469554040834,-0.5566187832458103,-0.9244829924403536,-5.157000742094276,1.2283534363897277,0.06310780557700202,298.65571428571405,4101.0
2022-06-22 16:00:00,SHORT,DOWNTREND,NONE,NONE,0,0,20322.73,21372.048857142854,17622.0,20563.48,LOSS,0,-0.22943455019528372,47.02071035351859,-0.11637085665889835,-0.5096330151155404,-1.0547025768336455,-5.179582476348845,1.8781123231546213,0.04858732256726045,351.1085714285712,4101.0
2022-06-22 17:00:00,SHORT,DOWNTREND,NONE,NONE,0,0,20267.42,21363.087428571427,17622.0,20459.94,LOSS,0,-0.1757102520159927,48.91204981371596,-0.1305611098173287,-0.497142946659368,-1.2727300565303847,-5.386452606710171,0.8440105876219448,0.04310236393322441,345.1342857142855,4101.0
2022-06-22 18:00:00,SHORT,DOWNTREND,NONE,NONE,0,0,20218.15,21361.406357142856,17622.0,20609.71,LOSS,0,-0.3424953620888291,45.18171035622427,-0.22186591362468588,-0.4932731221404252,-1.454275327889627,-5.56368180374879,0.5726588919375132,0.03804660743043531,344.0135714285713,4101.0
2022-06-23 00:00:00,SHORT,DOWNTREND,NONE,NONE,0,0,20419.14,21405.640285714286,17622.0,20815.25,LOSS,0,-0.40153054767053903,49.998324265749105,-0.3653701823408073,-0.5845445951542683,-0.033382102812377086,-4.2806343903771,1.5624452159719822,0.044806966915613484,373.50285714285695,4101.0
2022-06-23 01:00:00,SHORT,DOWNTREND,NONE,NONE,0,0,20375.49,21435.402748571425,17763.38,20687.76,LOSS,0,-0.29461859046500005,47.52438521254977,-0.25655963359753065,-0.5653917696610833,-0.23741432595536985,-4.442607017344112,0.9132952848270877,0.04483829115720548,373.17428571428536,3959.619999999999
2022-06-23 02:00:00,SHORT,DOWNTREND,PINBAR,BEARISH,1,1,20363.0,21442.967525714284,17960.41,20991.75,LOSS,0,-0.5821934317739307,49.95027171534734,-0.17815417243981502,-0.5581878305980115,-0.28689297695752075,-4.458391807055414,0.5059307444026485,0.044393193307722636,350.10785714285674,3762.59
2022-06-23 04:00:00,SHORT,DOWNTREND,NONE,NONE,0,0,20357.17,21399.520025714286,17960.41,21007.18,LOSS,0,-0.6236005026762212,43.034870110801776,-0.07345651619150573,-0.5437437634237763,-0.26486652976621433,-4.39448867169177,0.5993190443949532,0.04373376726326264,321.14285714285717,3762.59
2022-06-23 05:00:00,SHORT,DOWNTREND,NONE,NONE,0,0,20349.16,21349.50681142857,17960.41,21047.6,LOSS,0,-0.6981978570037857,57.42455683348426,-0.0840122520601505,-0.5278762060663023,-0.2922186096998304,-4.389942297790437,0.5516849149116243,0.04337528623599099,287.8007142857142,3762.59
2022-06-25 16:00:00,SHORT,DOWNTREND,NONE,NONE,0,0,21053.63,21576.49464,19770.51,21576.49464,LOSS,0,-1.0,45.03805773225647,0.029069956483840365,0.040028196622254875,-0.033994445647115415,-0.556134920425492,0.8169092675594727,0.025353339626627155,180.8849999999997,1952.4900000000016
2022-07-24 05:00:00,LONG,UPTREND,NONE,NONE,0,0,22749.98,22109.67188,24276.74,22205.42,LOSS,0,-0.8504655539898559,66.4479232715475,-0.14584495852170143,0.06389366454773171,0.5380441351183598,1.9831733262057962,1.5807172118881547,0.03091831149244141,217.41499999999905,2342.170000000002
2022-07-24 06:00:00,LONG,UPTREND,NONE,NONE,0,0,22679.0,22107.43580857143,24276.74,22107.43580857143,LOSS,0,-1.0,64.66028490301551,-0.09596420801142314,0.07902034417730519,0.21554756262397676,1.6481454767506474,0.9623814632832536,0.03311565761080972,218.90571428571351,2342.170000000002
2022-07-24 07:00:00,LONG,UPTREND,NONE,NONE,0,0,22701.6,22122.06080857143,24276.74,22122.06080857143,LOSS,0,-1.0,71.72984794834412,-0.051964594559616994,0.09869053420628049,0.3030073627225513,1.7317307340074664,1.0925550913275988,0.03561120285950924,209.15571428571351,2342.170000000002
2022-07-24 08:00:00,LONG,UPTREND,PINBAR,BEARISH,1,0,22681.91,22135.586522857142,24276.74,22135.586522857142,LOSS,0,-1.0,70.01076682233426,0.01069982939556624,0.10719949907456172,0.20752199545397645,1.626875532805491,1.0146063350188725,0.03749536534760264,200.13857142857054,2342.170000000002
2022-07-24 11:00:00,LONG,UPTREND,NONE,NONE,0,0,22657.63,22124.255094285716,24276.74,22124.255094285716,LOSS,0,-1.0,64.02016852221587,0.0030819718209285085,0.12050120375644013,0.11803070609907776,1.4804394195929533,1.431241355097648,0.03731962277129144,207.6928571428564,2342.170000000002
2022-07-24 14:00:00,LONG,UPTREND,NONE,NONE,0,0,22774.3,22113.430451428572,24276.74,22113.430451428572,LOSS,0,-1.0,57.14022912675555,-0.02171634541680012,0.1454274189575111,0.6406630492319252,1.9642630092752948,1.565653058444536,0.028222859020066805,214.90928571428543,2342.170000000002
2022-07-24 16:00:00,LONG,UPTREND,NONE,NONE,0,0,22709.01,22106.014022857144,24276.74,22106.014022857144,LOSS,0,-1.0,57.42253242253235,0.043009167519314495,0.14812140664230977,0.30192621438128,1.632112529960081,1.1592216898488956,0.028156197945094778,219.85357142857123,2342.170000000002
2022-07-24 17:00:00,LONG,UPTREND,NONE,NONE,0,0,22772.14,22105.737594285714,24276.74,22105.737594285714,LOSS,0,-1.0,64.2757091163767,0.08926506533408762,0.14976739153345076,0.5578589503892413,1.895232853791111,0.8765253079936146,0.025780011690970633,220.03785714285706,2342.170000000002
2022-07-24 18:00:00,LONG,UPTREND,NONE,NONE,0,0,22712.48,22110.10152285714,24276.74,22110.10152285714,LOSS,0,-1.0,60.27832174201564,0.11058490259616693,0.1496158068879705,0.2828324677918562,1.6118178553393276,0.5676716828657193,0.025631170069340008,217.12857142857138,2342.170000000002
2022-07-24 19:00:00,LONG,UPTREND,NONE,NONE,0,0,22700.4,22137.591165714286,24276.74,22137.591165714286,LOSS,0,-1.0,47.92670279673499,0.09341388981911614,0.15182105824094183,0.2204757578209767,1.542034708303111,0.6858061242730937,0.025033455573342068,198.80214285714308,2342.170000000002
2022-07-24 20:00:00,LONG,UPTREND,NONE,NONE,0,0,22718.33,22121.770394285715,24201.94,22121.770394285715,LOSS,0,-1.0,51.72102955462406,0.06741331429072073,0.15905682195651583,0.28785106645078423,1.6058372013481899,0.5927287323157854,0.02515216473789787,198.67785714285725,2267.369999999999
2022-08-02 16:00:00,LONG,UPTREND,NONE,NONE,0,0,23378.71,22759.897177142855,24668.0,22759.897177142855,LOSS,0,-1.0,67.32042185431446,-0.16615663941959014,-0.0764996102937121,0.9017321800273539,1.3015795339029574,1.8530997084632093,0.03088233790477906,216.92642857142866,2013.630000000001
2022-08-02 17:00:00,LONG,UPTREND,ENGULFING,BULLISH,1,1,23186.84,22743.685391428568,24668.0,22743.685391428568,LOSS,0,-1.0,61.30085265175374,-0.08343661497355326,-0.06286077579999994,0.07073826119438326,0.4654931336629796,1.1626831748193633,0.03211090225175835,227.7342857142859,2013.630000000001
2022-08-03 08:00:00,LONG,UPTREND,NONE,NONE,0,0,23294.8,22817.829319999997,24668.0,22817.829319999997,LOSS,0,-1.0,62.9919237937461,-0.052967959800975795,-0.05951241319717138,0.9369248031207971,1.0034479479203837,1.1305446750857173,0.028658536476152973,178.30499999999978,2013.630000000001
2022-08-03 09:00:00,LONG,UPTREND,ENGULFING,BULLISH,1,1,23383.55,22830.27289142857,24668.0,22830.27289142857,LOSS,0,-1.0,67.07369086170135,0.042873933626252914,-0.041857717613114076,1.2690002703423964,1.3742539240893024,1.0848164405680014,0.03127977332566024,170.00928571428526,2013.630000000001
2022-08-03 10:00:00,LONG,UPTREND,NONE,NONE,0,0,23410.54,22833.13146285714,24668.0,22833.13146285714,LOSS,0,-1.0,65.65270408331415,0.12512597382727808,-0.01483943044749969,1.33081618181659,1.4762056660368017,1.0900961267048155,0.034732123318497427,168.10357142857097,2013.630000000001
2022-08-03 11:00:00,LONG,UPTREND,NONE,NONE,0,0,23402.83,22835.59039142857,24668.0,22835.59039142857,LOSS,0,-1.0,63.35413376142524,0.1813085490439903,0.011238472568542157,1.2459299204296532,1.428224497836507,1.1446756887854388,0.03732162679260263,166.46428571428547,2013.630000000001
2022-08-03 12:00:00,LONG,UPTREND,NONE,NONE,0,0,23264.69,22805.151105714285,24668.0,22805.151105714285,LOSS,0,-1.0,56.351465603499776,0.22092366897255022,0.032177863430771225,0.6227230231425442,0.8212018690600201,2.0164578060409517,0.036032644625338825,186.75714285714275,2013.630000000001
2022-08-03 13:00:00,LONG,UPTREND,NONE,NONE,0,0,23341.12,22809.07896285714,24668.0,22809.07896285714,LOSS,0,-1.0,64.10465218397952,0.22004963402133537,0.05249803995150959,0.9155661355357528,1.1408256074396588,1.4295094983043592,0.037384205332837275,184.13857142857134,2013.630000000001
2022-08-03 14:00:00,LONG,UPTREND,NONE,NONE,0,0,23301.49,22822.95289142857,24668.0,22822.95289142857,LOSS,0,-1.0,73.13125609100763,0.19737411108879943,0.07225512229216413,0.7148314966333904,0.9593671256016747,1.4199783558772499,0.038300250990490135,174.8892857142855,2013.630000000001
2022-08-03 15:00:00,LONG,UPTREND,NONE,NONE,0,0,23352.76,22823.782177142853,24668.0,22823.782177142853,LOSS,0,-1.0,74.14979100763236,0.17972323592907458,0.09035267107133649,0.8993800321154188,1.1696130677615055,1.0170745445392904,0.03929629231957474,174.3364285714285,2013.630000000001
2022-08-03 20:00:00,LONG,UPTREND,NONE,NONE,0,0,23322.38,22771.64967142857,24593.02,22771.64967142857,LOSS,0,-1.0,62.81893382352952,0.22396159265185567,0.1292976356629616,0.542940752652746,0.9635205749586361,0.7645262313110893,0.04345454410658548,198.39428571428522,1938.6500000000015
2022-08-03 21:00:00,LONG,UPTREND,NONE,NONE,0,0,23267.83,22770.14967142857,24593.02,22770.14967142857,LOSS,0,-1.0,62.757214871404166,0.18575584920388355,0.12217090562636201,0.29567002016083616,0.7200817892608502,0.3972742939945815,0.040212987370579,199.39428571428522,1938.6500000000015
2022-08-17 04:00:00,LONG,UPTREND,PINBAR,BEARISH,1,0,24068.29,23758.769971428574,25211.32,23758.769971428574,LOSS,0,-1.0,67.76129338080293,-0.04943894102932278,-0.022160830229578377,0.038301934413393364,0.24372379887982049,0.5920351282879138,0.015648090924067302,161.3542857142854,1540.0999999999985
2022-08-17 05:00:00,LONG,UPTREND,NONE,NONE,0,0,24165.26,23774.521042857144,25211.32,23774.521042857144,LOSS,0,-1.0,64.61269359784774,-0.02215250262880275,-0.0122030967409259,0.42397023004694917,0.6411159089538152,0.9761320208135145,0.017040988267481308,150.85357142857123,1540.0999999999985
2022-08-26 04:00:00,SHORT,DOWNTREND,NONE,NONE,0,0,21530.53,21856.60638857143,20890.14,21856.60638857143,LOSS,0,-1.0,42.38392387510151,0.001898829328728091,-0.14728216765266255,-0.054740986231442905,-1.573654681260085,0.6198839194521617,0.013718658698284312,115.144285714286,1009.8600000000006
2022-10-23 07:00:00,SHORT,DOWNTREND,NONE,NONE,0,0,19162.37,19247.718662857143,18650.0,19247.718662857143,LOSS,0,-1.0,52.8761184905238,0.016654455643849708,-0.015592999305680255,-0.015169332113840268,-0.2751326127473861,0.8583334215129261,0.004416051790180623,32.82142857142883,697.8199999999997
2022-10-23 11:00:00,SHORT,DOWNTREND,NONE,NONE,0,0,19151.78,19243.54759142857,18650.0,19243.54759142857,LOSS,0,-1.0,33.758332793993375,0.004524546798845286,-0.019156238744677534,-0.07556535598198058,-0.3215243421970694,1.5223068297226536,0.0035394192951194977,30.040714285714525,697.8199999999997
2022-10-23 12:00:00,SHORT,DOWNTREND,NONE,NONE,0,0,19150.81,19250.361877142856,18650.0,19250.361877142856,LOSS,0,-1.0,35.76767468970756,0.00198175164438652,-0.02135591338223719,-0.07746696453891538,-0.3233338864672089,1.7490876552879715,0.003821489602253947,34.58357142857157,697.8199999999997
2022-11-02 03:00:00,LONG,UPTREND,NONE,NONE,0,0,20520.34,20302.1212,21085.0,20302.1212,LOSS,0,-1.0,66.0601110748118,-0.011795196918762407,0.07130283818967964,0.003486395181015525,0.837483060410635,0.6860324938438799,0.011790501575748319,78.06499999999998,847.0499999999993
2022-11-02 04:00:00,LONG,UPTREND,NONE,NONE,0,0,20520.28,20313.30477142857,21085.0,20313.30477142857,LOSS,0,-1.0,69.58601465982917,-0.004327578876495153,0.0734071910935663,0.0030687337322589177,0.8287889477867013,0.7206710645692985,0.011101840649992019,70.60928571428589,847.0499999999993
2022-11-16 08:00:00,SHORT,DOWNTREND,NONE,NONE,0,0,16789.84,17090.800297142858,15815.21,16504.0,WIN,1,0.9497598278364263,53.597491967270784,0.08852670040593313,-0.3407963137637915,-0.01690490535979398,-3.7488717772239757,1.218767027667355,0.018598946174975796,130.00357142857138,1374.7900000000009
2022-11-16 09:00:00,SHORT,DOWNTREND,PINBAR,BULLISH,1,0,16744.33,17077.128868571428,15815.21,16578.36,WIN,1,0.49870962816804226,41.707246376811646,0.04645343144473735,-0.3464058618279586,-0.27665628393213887,-3.971453346563104,0.9162086327561246,0.01911393392637103,120.8892857142855,1374.7900000000009
2022-11-16 10:00:00,SHORT,DOWNTREND,NONE,NONE,0,0,16731.47,17065.87244,15815.21,16570.05,WIN,1,0.48271178882547283,42.07925135253688,8.612167585742014e-05,-0.346216492849194,-0.33944016412912364,-4.006567180052081,0.9232177313868959,0.02047764986444814,113.38499999999969,1374.7900000000009
2022-11-16 11:00:00,SHORT,DOWNTREND,NONE,NONE,0,0,16707.9,17063.013868571426,15815.21,16611.9,WIN,1,0.27033582322818034,34.02760311871246,-0.03689444525055707,-0.3515046410183964,-0.46110398432905597,-4.1022740300598555,0.9541007635025166,0.02124273737619082,111.4792857142854,1374.7900000000009
2022-11-16 22:00:00,SHORT,DOWNTREND,NONE,NONE,0,0,16669.61,17114.985654285716,15815.21,16703.16,LOSS,0,-0.07532966761240259,41.594776359390835,-0.15863969561116242,-0.4766247081137265,-0.20246657853769315,-3.8219375063462597,0.5094605973340661,0.038927072001445046,146.12714285714304,1374.7900000000009
2022-11-17 01:00:00,SHORT,DOWNTREND,ENGULFING,BULLISH,1,0,16694.3,17108.902082857145,15815.21,16694.55,LOSS,0,-0.0006029878052642093,49.0120299877955,-0.05725970474846909,-0.42754015067316686,-0.04351561745665995,-3.5733683131054237,0.6207462751907615,0.028875985086251724,142.07142857142884,1374.7900000000009
2022-11-25 03:00:00,SHORT,DOWNTREND,NONE,NONE,0,0,16485.45,16644.020822857143,15476.0,16644.020822857143,LOSS,0,-1.0,37.45643731952599,0.03866571026187593,0.0016518759468731048,-0.1034857776488491,-0.4048511720482897,0.7487708121241693,0.008372067484443883,78.28642857142871,1336.630000000001
2022-11-25 04:00:00,SHORT,DOWNTREND,NONE,NONE,0,0,16391.26,16645.520822857143,15476.0,16645.520822857143,LOSS,0,-1.0,34.022203631265654,-0.012220981523425323,-0.009909345070746589,-0.6479771030516345,-0.964293352259215,1.3073614943328467,0.012453889699331257,79.28642857142859,1336.630000000001
2022-11-25 05:00:00,SHORT,DOWNTREND,NONE,NONE,0,0,16362.8,16643.18510857143,15476.0,16643.18510857143,LOSS,0,-1.0,28.06540733586361,-0.05118879484924399,-0.022711313782841636,-0.7885591366750356,-1.1250694230239602,1.0396122840863884,0.015938418371835104,77.72928571428591,1336.630000000001
2022-11-25 06:00:00,SHORT,DOWNTREND,NONE,NONE,0,0,16424.4,16637.20332285714,15476.0,16637.20332285714,LOSS,0,-1.0,27.606862722937038,-0.07352200635766248,-0.031078722203659037,-0.3988519876557346,-0.7454060956117191,1.0830947141675646,0.017156649572466428,73.74142857142904,1336.630000000001
2022-11-25 07:00:00,SHORT,DOWNTREND,NONE,NONE,0,0,16461.66,16634.239751428573,15476.0,16634.239751428573,LOSS,0,-1.0,35.91078066914497,-0.08587132537611897,-0.03619700004745541,-0.16613011458912555,-0.5150896551056171,0.8917610988884508,0.017496851541625526,71.76571428571476,1336.630000000001
2022-11-25 08:00:00,SHORT,DOWNTREND,NONE,NONE,0,0,16449.37,16635.635822857144,15476.0,16635.635822857144,LOSS,0,-1.0,35.20719208340675,-0.09108115720770638,-0.045640044202854835,-0.23124841664789908,-0.5835333326060357,0.8957801680177736,0.01804271184763168,72.69642857142922,1336.630000000001
2022-11-25 09:00:00,SHORT,DOWNTREND,NONE,NONE,0,0,16441.79,16635.85010857143,15476.0,16635.85010857143,LOSS,0,-1.0,35.077024647887356,-0.07552164855857413,-0.05463126535759644,-0.26638013077028494,-0.6231221071924334,0.787173800114729,0.018273410170796988,72.83928571428636,1336.630000000001
2022-11-25 10:00:00,SHORT,DOWNTREND,NONE,NONE,0,0,16477.5,16643.50225142857,15476.0,16643.50225142857,LOSS,0,-1.0,40.64075323917834,-0.04531071741973314,-0.0571714780365995,-0.04781745734694953,-0.4032487598268843,1.155191281662953,0.018397535561439377,77.9407142857148,1336.630000000001
2022-11-25 16:00:00,SHORT,DOWNTREND,NONE,NONE,0,0,16485.66,16653.787965714284,15476.0,16653.787965714284,LOSS,0,-1.0,46.08707525455471,0.0218053635097748,-0.032991040549945616,-0.031120327202538618,-0.34232655876486323,0.8931550726692461,0.015178256603178009,84.79785714285741,1336.630000000001
2022-11-26 15:00:00,SHORT,DOWNTREND,NONE,NONE,0,0,16512.86,16658.44622857143,15683.33,16550.91,LOSS,0,-0.26135713778265063,26.62003941419691,0.035507475756135776,0.016536841333270047,-0.1629753823843363,-0.21166600427986246,1.4042367677577243,0.00998721858161367,58.32428571428578,1129.300000000001
2022-11-26 16:00:00,SHORT,DOWNTREND,NONE,NONE,0,0,16508.22,16656.7298,15683.33,16559.55,LOSS,0,-0.3456337561561471,26.757554571583796,0.017014641139767583,0.01328820319015378,-0.18355132016868822,-0.23732636709729288,0.7361956617203701,0.01030979084796539,57.18000000000029,1129.300000000001
2022-11-26 17:00:00,SHORT,DOWNTREND,NONE,NONE,0,0,16516.05,16687.37430857143,15827.55,16539.51,LOSS,0,-0.13693328282260553,29.15115130328995,0.0010411900486673176,0.009084331171060889,-0.13087298537059167,-0.18812094656455206,0.6311850958531751,0.010013862158643676,57.03428571428594,985.0800000000017
2022-12-07 00:00:00,LONG,UPTREND,NONE,NONE,0,0,17064.79,16876.64592571429,17424.25,16876.64592571429,LOSS,0,-1.0,66.9036689331448,-0.009973486920600294,0.04683904337021705,0.1937799835677721,0.8322474751389112,1.205503072512874,0.007754537657784803,68.7421428571423,565.5099999999984
2022-12-07 01:00:00,LONG,UPTREND,PINBAR,BEARISH,1,0,17041.01,16879.970568571433,17424.25,16879.970568571433,LOSS,0,-1.0,59.632315736211304,0.0022538296851060124,0.04964966899592138,0.05203371277539887,0.6848063822932077,1.0169828891903796,0.008065868120934357,66.5257142857138,565.5099999999984
2022-12-07 02:00:00,LONG,UPTREND,NONE,NONE,0,0,17055.11,16881.179140000004,17424.25,16881.179140000004,LOSS,0,-1.0,59.78154931944187,0.016352605644853746,0.053194919795895856,0.12952449916631129,0.7604135274754185,0.6273342357399102,0.008623888726197045,65.71999999999935,565.5099999999984
2022-12-07 04:00:00,LONG,UPTREND,NONE,NONE,0,0,17040.56,16886.75056857143,17424.25,16886.75056857143,LOSS,0,-1.0,60.721461760643294,0.015277449453665604,0.05998789356731482,0.04414646308727122,0.6619193893955957,0.6859481896800879,0.008802157023105609,62.00571428571363,565.5099999999984
2022-12-21 14:00:00,SHORT,DOWNTREND,NONE,NONE,0,0,16796.34,16981.15034857143,16256.3,16823.07,LOSS,0,-0.1446347577753102,43.60104145804142,0.04778755177790028,-0.05490073535019402,-0.057859488261345786,-0.8023559610157608,2.1251481118608875,0.00680244376038114,61.42928571428638,804.9700000000012
2022-12-21 16:00:00,SHORT,DOWNTREND,ENGULFING,BULLISH,1,0,16780.84,16992.09927714286,16256.3,16815.24,LOSS,0,-0.16283308579503938,42.318673778800985,0.021188275480210628,-0.05555869654896295,-0.15653755099789096,-0.8809831361615835,1.2236916851232644,0.007217018445825405,68.728571428572,804.9700000000012
2022-12-21 18:00:00,SHORT,DOWNTREND,NONE,NONE,0,0,16789.15,16991.411420000004,16256.3,16675.03,WIN,1,0.5642203045939319,49.44184213982418,0.001774454890290933,-0.05890516952904434,-0.10477344024697997,-0.8170822896242541,0.8213727948786039,0.007528277226990955,68.27000000000044,804.9700000000012
2022-12-21 19:00:00,SHORT,DOWNTREND,NONE,NONE,0,0,16756.2,16991.211062857146,16256.3,16636.54,WIN,1,0.5091675197977241,41.42308631289259,-0.007661458454588654,-0.06493189006446798,-0.2890625383074626,-1.0017702244390378,0.9792372594698995,0.008018913682230696,68.13642857142882,804.9700000000012
2022-12-21 20:00:00,SHORT,DOWNTREND,NONE,NONE,0,0,16781.46,16992.877134285714,16256.3,16662.08,WIN,1,0.5646656804961879,44.02570410587046,-0.02594807033768909,-0.06900231232335186,-0.13331428110044685,-0.8441189425251825,0.9636996618627444,0.008425397997803065,69.24714285714279,804.9700000000012
2022-12-21 21:00:00,SHORT,DOWNTREND,NONE,NONE,0,0,16793.07,16993.72034857143,16256.3,16591.96,WIN,1,1.0022908080242177,47.49626226950661,-0.022078497634347993,-0.07333562482495504,-0.06170602505510657,-0.7678620832749529,0.7658581930619417,0.008339477449935014,69.80928571428558,804.9700000000012
2022-12-21 22:00:00,SHORT,DOWNTREND,PINBAR,BULLISH,1,0,16764.88,16987.06892,16256.3,16616.01,WIN,1,0.6700154085091294,38.77320054323232,-0.03302772908121421,-0.07667332568785934,-0.22049035040944265,-0.9252280782148734,0.5170930147728343,0.008791481924363312,65.37499999999974,804.9700000000012
2022-12-22 06:00:00,SHORT,DOWNTREND,NONE,NONE,0,0,16808.09,16959.768920000002,16256.3,16848.03,LOSS,0,-0.2633193854491985,53.67557797620658,0.030768898900146446,-0.05667615826654426,-0.015057743783786066,-0.6304525805859483,1.0267286618812157,0.00817254742314187,47.17499999999979,804.9700000000012
2022-12-22 13:00:00,SHORT,DOWNTREND,NONE,NONE,0,0,16780.04,16949.95784857143,16256.3,16837.45,LOSS,0,-0.3378691554929036,42.10060533116257,0.007268774082014318,-0.05312456763419959,-0.19895216974476468,-0.7599968107822183,1.7598863545378727,0.0071046065190842065,40.634285714286044,804.9700000000012
2022-12-23 14:00:00,SHORT,DOWNTREND,NONE,NONE,0,0,16789.75,16978.804991428573,16256.3,16828.79,LOSS,0,-0.20650076311130144,51.406649616368284,0.04699519891238069,-0.026552316108841012,-0.08546282271845439,-0.5427059334406387,1.828047758951218,0.010654992686082202,59.865714285714475,804.9700000000012
2022-12-23 22:00:00,SHORT,DOWNTREND,NONE,NONE,0,0,16792.92,16980.085348571432,16256.3,16842.36,LOSS,0,-0.26415145953756974,42.136673420518925,0.012213622143786296,-0.03363942155848454,-0.09887392331860238,-0.4982812819192159,0.7486524282693786,0.004678201880852299,60.719285714286215,804.9700000000012
2022-12-23 23:00:00,SHORT,DOWNTREND,NONE,NONE,0,0,16778.5,16979.82927714286,16256.3,16843.59,LOSS,0,-0.32330121542041385,39.622575080096865,-0.0017956062466906175,-0.037033984724432756,-0.17742987911274805,-0.5779483113259445,0.6525025698812121,0.0054948977825896835,60.54857142857197,804.9700000000012
2022-12-24 00:00:00,SHORT,DOWNTREND,NONE,NONE,0,0,16805.92,16977.84927714286,16256.3,16840.5,LOSS,0,-0.20112921181694893,41.37094017093941,-0.010792919968793946,-0.035714391833407966,-0.013735845701162815,-0.41135236714855505,0.5251208505890417,0.005627116855221382,59.228571428572,804.9700000000012
2022-12-25 04:00:00,SHORT,DOWNTREND,NONE,NONE,0,0,16822.38,16904.128654285716,16559.85,16831.48,LOSS,0,-0.11131681713308281,44.07000118245205,0.012280520536434025,-0.019122297743778827,-0.01186903403670412,-0.25073099478426913,1.0601778063235932,0.0020062588532775553,22.387142857142994,395.2900000000009
2022-12-25 07:00:00,SHORT,DOWNTREND,PINBAR,BULLISH,1,0,16821.97,16907.29151142857,16559.85,16894.19,LOSS,0,-0.8464453898060491,39.525733730328355,0.003634851824818597,-0.019981654610690125,-0.01656127804312114,-0.24672297895836273,1.0355550849109174,0.0020324912601728264,24.495714285714712,395.2900000000009
2022-12-25 11:00:00,SHORT,DOWNTREND,NONE,NONE,0,0,16821.51,16900.51794,16559.85,16900.51794,LOSS,0,-1.0,48.691767708996515,0.0014824081764119867,-0.021634941941273134,-0.021453270059411594,-0.24104505234637555,1.0281802933570536,0.0019076522691373302,19.980000000000082,395.2900000000009
2022-12-25 12:00:00,SHORT,DOWNTREND,NONE,NONE,0,0,16818.25,16898.587225714287,16559.85,16898.587225714287,LOSS,0,-1.0,46.01677148847012,0.0005572145205468004,-0.021953496855586785,-0.0392285495295795,-0.2577941368703608,1.0137325712963694,0.002043929108050082,18.692857142857456,395.2900000000009
2022-12-25 13:00:00,SHORT,DOWNTREND,NONE,NONE,0,0,16811.53,16896.173297142857,16559.85,16896.173297142857,LOSS,0,-1.0,36.61404463799592,-0.0038209140096001626,-0.02295145202446669,-0.07606714645852593,-0.29469478485191325,1.1478100799542632,0.002230906151650931,17.083571428571823,395.2900000000009
2022-12-25 16:00:00,SHORT,DOWNTREND,NONE,NONE,0,0,16815.96,16915.27151142857,16559.85,16915.27151142857,LOSS,0,-1.0,45.97799077032238,-0.01271504223991915,-0.024989309747991406,-0.041729926478489124,-0.2599101249649268,1.2522150062540134,0.0026982736626096275,29.81571428571468,395.2900000000009
2022-12-26 14:00:00,SHORT,DOWNTREND,NONE,NONE,0,0,16832.9,16917.65544,16559.85,16917.65544,LOSS,0,-1.0,50.37911149081639,0.018262887362596736,-0.005789465422578743,-0.006512606176286733,-0.13523915243742615,0.8984547683945384,0.006912564554597967,31.404999999999877,395.2900000000009
2022-12-26 15:00:00,SHORT,DOWNTREND,NONE,NONE,0,0,16809.51,16917.552582857144,16559.85,16917.552582857144,LOSS,0,-1.0,37.39167877711367,0.008659820490297676,-0.008316735568492106,-0.13976138029297516,-0.2712862796815932,1.2499663308725903,0.006630316149338291,31.33642857142851,395.2900000000009
2022-12-26 18:00:00,SHORT,DOWNTREND,NONE,NONE,0,0,16819.57,16913.563654285714,16559.85,16913.563654285714,LOSS,0,-1.0,34.07456577055055,-0.007210028044102312,-0.010558720315223535,-0.07875884884691575,-0.20742903015868092,0.8527240105909523,0.005143944725931544,28.677142857142567,395.2900000000009
2022-12-26 21:00:00,SHORT,DOWNTREND,NONE,NONE,0,0,16833.38,16914.711154285713,16559.85,16914.711154285713,LOSS,0,-1.0,47.120506925363166,0.0013302875958576266,-0.011888939421689226,-0.0007860817668641887,-0.12276573547891369,0.8624933619586633,0.005054766633443416,29.442142857142763,395.2900000000009
2023-01-02 01:00:00,SHORT,DOWNTREND,ENGULFING,BEARISH,1,1,16565.04,16646.354457142854,16333.0,16646.354457142854,LOSS,0,-1.0,52.670490758445105,0.0352829393120313,-0.03753662923152712,-0.021537349878393276,-0.5209223424615324,1.3868364753904434,0.007186558650303104,28.463571428571544,344.34999999999854
2023-05-15 23:00:00,SHORT,DOWNTREND,NONE,NONE,0,0,27162.14,27483.59203714286,25811.46,26933.05,WIN,1,0.7126724161906262,33.96888689205893,0.12337914961613183,-0.0015313969605079691,-0.007851937880450518,-0.8109078219849448,0.8685177760891515,0.011207192111872545,144.23857142857196,1852.130000000001
2023-05-16 01:00:00,SHORT,DOWNTREND,NONE,NONE,0,0,27024.64,27523.842394285715,25811.46,27012.97,WIN,1,0.023377291722921887,31.236144578313358,0.03783700279993418,-0.0221871003294849,-0.4996735652800099,-1.2937833523474784,2.3325339365145283,0.016886981665568804,171.072142857143,1852.130000000001
2023-05-16 02:00:00,SHORT,DOWNTREND,NONE,NONE,0,0,27080.49,27527.18525142857,25811.46,26998.36,WIN,1,0.18386136798486727,30.9232184353217,-0.004371877064424101,-0.03657741702237649,-0.2825444386427037,-1.0790671654835429,0.6837320867160642,0.018799246083202027,173.30071428571424,1852.130000000001
2023-05-16 03:00:00,SHORT,DOWNTREND,NONE,NONE,0,0,27130.0,27525.150608571428,25811.46,27033.84,WIN,1,0.243350251560141,35.70416847132647,-0.030209658494539937,-0.04988755562578273,-0.096308629556338,-0.8893566530056513,0.7285271448760949,0.01991886664530568,171.94428571428554,1852.130000000001
2023-05-16 04:00:00,SHORT,DOWNTREND,NONE,NONE,0,0,27114.73,27498.694894285713,25811.46,27098.59,WIN,1,0.04203509289573085,32.720360394718156,-0.035869400825960795,-0.06091282316300628,-0.14656582523962697,-0.9358242624556784,0.4918153313316998,0.020778880923127324,154.3071428571428,1852.130000000001
2023-05-16 05:00:00,SHORT,DOWNTREND,NONE,NONE,0,0,27061.55,27503.17025142857,25811.46,27170.77,LOSS,0,-0.2473165568080077,31.045400576694874,-0.05525090232288976,-0.07326491184942441,-0.3290243428400522,-1.1189992639783326,0.5651906444039102,0.022180195544777435,157.29071428571427,1852.130000000001
2023-05-16 06:00:00,SHORT,DOWNTREND,NONE,NONE,0,0,27065.57,27489.43668,25811.46,27065.15,WIN,1,0.0009908776033026579,24.014354782435348,-0.047185316944964306,-0.082736322714827,-0.3019331174655401,-1.0934424520649173,0.6071620796932826,0.02304104849066977,148.13499999999996,1852.130000000001
2023-05-16 09:00:00,SHORT,DOWNTREND,PINBAR,BULLISH,1,0,27092.56,27490.849894285715,25811.46,26990.78,WIN,1,0.255542511774076,34.306393477381064,-0.012097212859651929,-0.09062540233120142,-0.21613859757320716,-0.9752543658573679,1.129628186718037,0.023101040802266333,149.07714285714297,1852.130000000001
2023-05-16 10:00:00,SHORT,DOWNTREND,NONE,NONE,0,0,27013.92,27494.75632285714,25811.46,26993.92,WIN,1,0.04159419546584879,34.086295388386816,-0.018503866398911217,-0.09669367544821172,-0.48603748750417447,-1.2502807711310218,1.2965912591346735,0.02375189293739538,151.68142857142863,1852.130000000001
2023-05-16 11:00:00,SHORT,DOWNTREND,NONE,NONE,0,0,27059.03,27501.191322857143,25811.46,26845.14,WIN,1,0.48373747078982793,35.864825581395394,-0.018725144272890848,-0.09449416784913511,-0.30735610895237797,-1.0746968654243887,0.8599068759959871,0.02371299797617495,155.97142857142873,1852.130000000001
2023-05-16 12:00:00,SHORT,DOWNTREND,NONE,NONE,0,0,27060.0,27505.798465714284,25811.46,26813.07,WIN,1,0.553905001903393,37.76040392575143,-0.045802813824546984,-0.09430881817412695,-0.2919041121150584,-1.0606054617568352,1.2675686348969992,0.022358660895825756,159.04285714285703,1852.130000000001
2023-05-16 13:00:00,SHORT,DOWNTREND,NONE,NONE,0,0,26984.84,27501.62632285714,25811.46,26871.8,WIN,1,0.21873643902772066,40.65957222631981,-0.07539775129430382,-0.09865533396042903,-0.5466607227888792,-1.3223007522151928,1.2735212387680628,0.020618761078061782,156.2614285714283,1852.130000000001
2023-05-16 14:00:00,SHORT,DOWNTREND,NONE,NONE,0,0,26982.79,27493.964537142856,25811.46,26868.21,WIN,1,0.22415044505235343,37.7285947208392,-0.08830191111602881,-0.10247934566889327,-0.5325978436374249,-1.3167395729954199,1.4993287603191061,0.01936260321762506,151.15357142857127,1852.130000000001
2023-05-16 15:00:00,SHORT,DOWNTREND,NONE,NONE,0,0,27038.02,27462.96703714286,25811.46,26637.62,WIN,1,0.9422350669676414,50.85547684202456,-0.08137436657957853,-0.10232655325922435,-0.31614072348196637,-1.103779135237851,1.0111216966220657,0.017208196297166158,130.48857142857145,1852.130000000001
2023-05-16 16:00:00,SHORT,DOWNTREND,NONE,NONE,0,0,27052.83,27469.14275142857,25811.46,26669.89,WIN,1,0.9198373066545538,48.13355286242547,-0.07908880528737505,-0.10178275732399822,-0.2513085051008648,-1.0392736759389267,0.91445031372265,0.01558975521787052,134.60571428571424,1852.130000000001
2023-05-16 17:00:00,SHORT,DOWNTREND,NONE,NONE,0,0,27086.56,27475.23918,25811.46,26635.91,WIN,1,1.1594395151291674,47.00496414782142,-0.07215846467575338,-0.1068110885385054,-0.12196791382978757,-0.9068568341208647,0.8971719414462734,0.012970994976076735,138.67000000000007,1852.130000000001
2023-05-16 18:00:00,SHORT,DOWNTREND,PINBAR,BULLISH,1,0,27051.78,27480.646679999998,25811.46,26780.77,WIN,1,0.6319213234285278,45.773522579259044,-0.05966932202600139,-0.11122526949208789,-0.2404257262859118,-1.023911412375936,0.934800300007488,0.01076831502903344,142.2749999999999,1852.130000000001
2023-05-16 21:00:00,SHORT,DOWNTREND,NONE,NONE,0,0,27012.97,27481.55418,25811.46,27086.12,LOSS,0,-0.15610855663116524,32.86419223342648,-0.07737986030564858,-0.11758831521637703,-0.3211481992821245,-1.1268246508689237,0.6212897141314732,0.011340928678712473,142.8799999999997,1852.130000000001
2023-05-16 22:00:00,SHORT,DOWNTREND,NONE,NONE,0,0,26998.36,27468.011322857143,25811.46,27099.07,LOSS,0,-0.21443567833967958,34.63521254145327,-0.0871030017682517,-0.11867322043787043,-0.3604044241340709,-1.1686933091884033,0.40243125200511787,0.011506928089024917,133.85142857142844,1852.130000000001
2023-05-16 23:00:00,SHORT,DOWNTREND,NONE,NONE,0,0,27033.84,27461.374894285713,25811.46,27385.09,LOSS,0,-0.8215703669915349,45.01714130545464,-0.08628983451991479,-0.11572509743671411,-0.22048396592671277,-1.0285836261194394,0.4225588057567158,0.011245554085139112,129.42714285714283,1852.130000000001
2023-06-27 01:00:00,LONG,UPTREND,NONE,NONE,0,0,30373.77,29840.320874285713,31431.94,30717.42,WIN,1,0.6442038864340648,51.8410502091445,-0.06659284346073324,0.28363849130457197,0.0054199423912675215,3.208911078062169,0.5009479665824003,0.0179090669217415,205.9428571428572,1631.9399999999987
2023-06-27 07:00:00,LONG,UPTREND,PINBAR,BULLISH,1,1,30411.22,30028.252814285715,31431.94,30452.75,WIN,1,0.1084427114102211,69.84842775704678,-0.01312028913119656,0.30902448870233634,0.12790844334677204,3.1432651505594724,0.7502879467711927,0.017716162097553324,135.302857142857,1527.6499999999978
2023-06-27 08:00:00,LONG,UPTREND,NONE,NONE,0,0,30395.14,30039.633528571427,31431.94,30482.31,WIN,1,0.24519947456854052,62.80032673295197,-0.00956295483732772,0.31153624187645335,0.07202364534269991,3.057054765958267,0.6061560597331519,0.01783324414009382,127.71571428571431,1527.6499999999978
2023-06-27 09:00:00,LONG,UPTREND,NONE,NONE,0,0,30377.98,30058.119957142855,31431.94,30452.53,WIN,1,0.23307068721082713,59.61872496805943,-0.005420985528625799,0.31206721367529333,0.014917612685025393,2.968147260898437,0.5489954569218072,0.01490151514459516,115.39142857142853,1527.6499999999978
2023-08-12 14:00:00,LONG,UPTREND,NONE,NONE,0,0,29449.98,29383.795162857143,30244.0,29383.795162857143,LOSS,0,-1.0,49.07106817381781,-0.008217263240684058,0.00963985895412467,0.029225253441249852,0.1907101785280196,0.9817804955523289,0.0023669182221047395,26.843571428571003,1043.1800000000003
2023-08-13 18:00:00,LONG,UPTREND,NONE,NONE,0,0,29422.12,29363.282565714286,29947.22,29363.282565714286,LOSS,0,-1.0,56.94965049133786,-0.023856211854589304,-0.0032164829869452127,0.017253653682347093,0.08282867474293393,0.9513110460359288,0.003708772184326674,25.232142857141817,694.7700000000004
2023-08-13 19:00:00,LONG,UPTREND,NONE,NONE,0,0,29442.91,29328.73142857143,29796.2,29328.73142857143,LOSS,0,-1.0,63.885292284083626,-0.013422917429717351,-0.0021958294189050598,0.08447593776065551,0.15201815742515143,1.5086894027067066,0.0038152323576982074,26.720714285713516,543.75
2023-08-13 20:00:00,LONG,UPTREND,NONE,NONE,0,0,29420.01,29323.337771428574,29774.0,29323.337771428574,LOSS,0,-1.0,54.293293619397055,-0.006791087780078087,-0.001627369721191041,0.006372477835977638,0.07338420675488393,0.6289770765235241,0.0035687131633842305,27.149285714284947,521.5499999999993
2023-08-23 03:00:00,SHORT,DOWNTREND,NONE,NONE,0,0,26006.32,26385.4165,25300.0,26385.4165,LOSS,0,-1.0,50.292027914549216,0.006529269631161405,-0.3934837935461455,-0.09427003125099341,-3.4537434013818182,0.4561244693117752,0.017640469924147608,200.13499999999996,999.0
2023-08-23 10:00:00,SHORT,DOWNTREND,NONE,NONE,0,0,25965.99,26310.631857142856,25300.0,26310.631857142856,LOSS,0,-1.0,56.151526118953115,-0.0002095487616093905,-0.32769635719758217,-0.2534330081191094,-3.385220460337538,0.567290211424882,0.017785917547045307,150.27857142857127,999.0
2023-08-23 11:00:00,SHORT,DOWNTREND,NONE,NONE,0,0,25939.49,26252.82185714286,25300.0,26252.82185714286,LOSS,0,-1.0,70.44862868559704,-0.0189571084287965,-0.3286028609836622,-0.3413478647225538,-3.450353359051324,0.7509805726979171,0.017780639499791362,111.73857142857143,999.0
2023-08-23 13:00:00,SHORT,DOWNTREND,NONE,NONE,0,0,26018.22,26236.486857142856,25300.0,26236.486857142856,LOSS,0,-1.0,46.52540190560285,-0.05132012655367779,-0.3292059795473756,-0.010665909888888126,-3.0905339038533914,1.14983757281289,0.017670635319063797,100.84857142857125,999.0
2023-10-04 08:00:00,LONG,UPTREND,NONE,NONE,0,0,27519.93,27081.76693142857,28580.0,27692.91,WIN,1,0.39478452751387044,68.72600051198911,-0.047804265727402484,0.09489777373974384,0.07320086179282842,1.2998764460526226,0.8257601718639658,0.009842567020907324,120.07928571428627,1676.9900000000016
2023-10-04 10:00:00,LONG,UPTREND,NONE,NONE,0,0,27530.05,27098.599074285714,28580.0,27660.75,WIN,1,0.30293132361141956,60.426263743013244,0.006433333015865017,0.10844002067533776,0.08782902775971911,1.3066329707285806,1.0704571868827804,0.012043626361344172,108.85785714285755,1676.9900000000016
2023-10-04 16:00:00,LONG,UPTREND,NONE,NONE,0,0,27524.06,27105.356574285714,28580.0,27724.35,WIN,1,0.4783576815936297,57.302813592942556,-0.031778741411503386,0.11910944310402627,0.08836685821508285,1.2186490286022127,1.2377469349557861,0.01210902128676812,104.35285714285757,1676.9900000000016
2023-10-04 17:00:00,LONG,UPTREND,NONE,NONE,0,0,27539.51,27102.751931428567,28580.0,27992.76,WIN,1,1.0377598781002753,57.143979880540535,-0.0348789149425488,0.1210519990358705,0.13887270113300954,1.2626143535664875,0.6145065313426161,0.012346882654934617,106.08928571428623,1676.9900000000016
2023-10-05 07:00:00,LONG,UPTREND,NONE,NONE,0,0,27607.98,27169.13292285714,28580.0,27559.2,LOSS,0,-0.11115489322062737,55.55808101306936,0.056688489994694,0.16975625820783158,0.1036423330205808,1.276721414875983,0.8041116101772773,0.01721076532669738,118.01857142857105,1569.7700000000004
2023-10-06 07:00:00,LONG,UPTREND,NONE,NONE,0,0,27638.52,27342.002642857144,28580.0,27342.002642857144,LOSS,0,-1.0,66.77410283588182,-0.018502449675972255,0.07011409129724644,0.2575268527670291,1.1394799990887168,0.8996555107000344,0.023341196454722987,81.51357142857238,1419.5
2023-10-06 08:00:00,LONG,UPTREND,ENGULFING,BULLISH,1,1,27616.68,27347.89657142857,28580.0,27347.89657142857,LOSS,0,-1.0,62.86826955638289,-0.009601846148865611,0.0760233387730791,0.1712989442865639,1.0489059653462045,0.7376695815518972,0.022740879082322602,77.58428571428651,1419.5
2023-10-06 09:00:00,LONG,UPTREND,NONE,NONE,0,0,27690.6,27345.278,28580.0,27345.278,LOSS,0,-1.0,70.98354381936446,0.01392059359386355,0.08547331512853695,0.42211680845558863,1.3060782355871234,0.8635768400216175,0.017822464162917256,79.33000000000071,1419.5
2023-10-06 10:00:00,LONG,UPTREND,NONE,NONE,0,0,27670.5,27340.390142857144,28580.0,27340.390142857144,LOSS,0,-1.0,68.2744351874086,0.03763154796041501,0.09239037703927533,0.33548164563740357,1.2201286313800943,1.3284974286635327,0.011531595704621048,82.58857142857207,1419.5
2023-10-06 14:00:00,LONG,UPTREND,NONE,NONE,0,0,27670.0,27210.551214285715,28580.0,27947.1,WIN,1,0.6031140109973374,57.36023405565053,-1.4132607695227506e-05,0.0910109140429105,0.3474234863080359,1.18704694588373,1.7786165819983915,0.016967193557289664,169.14785714285816,1419.5
2023-11-03 14:00:00,LONG,UPTREND,NONE,NONE,0,0,34712.69,34104.74250285714,35984.99,34729.94,WIN,1,0.02837416073109738,57.150528517325284,-0.15795131865224965,0.09396540130011122,0.036261963309029685,1.7034684570127325,1.6354075118895366,0.02698341948455229,226.46357142857283,1959.989999999998
2023-11-03 15:00:00,LONG,UPTREND,NONE,NONE,0,0,34763.71,34114.33178857143,35984.99,34712.37,LOSS,0,-0.0790602442404917,56.12723997482404,-0.09715557418544796,0.09952450945795999,0.17609258346325515,1.8341746423112353,1.3483704829840866,0.025081278522165608,220.0707142857157,1959.989999999998
2023-11-03 23:00:00,LONG,UPTREND,NONE,NONE,0,0,34716.78,34146.15964571428,35984.99,34730.73,WIN,1,0.024447077457421695,69.25736494103,-0.034821195770895486,0.13687277019189814,0.12945875657045314,1.593814291766764,0.5449725220305908,0.017510670169727346,198.8521428571434,1959.989999999998
2023-11-04 00:00:00,LONG,UPTREND,NONE,NONE,0,0,34696.65,34155.67821714286,35984.99,34754.85,WIN,1,0.10758416953397006,67.55660639309394,-0.014696077775622207,0.13502004007481805,0.06859827501966952,1.519401897776562,0.41232907108629424,0.017885243225778266,192.50642857142935,1959.989999999998
2023-11-04 01:00:00,LONG,UPTREND,PINBAR,BULLISH,1,1,34768.15,34151.88000285714,35984.99,34798.49,WIN,1,0.04923166816599593,70.91392747946118,0.005585888394121774,0.13378133018167038,0.26400603489880764,1.7111103650711346,0.4631550033862046,0.01895781390022507,195.038571428572,1959.989999999998
2023-11-04 03:00:00,LONG,UPTREND,NONE,NONE,0,0,34708.9,34189.23536,35984.99,35062.07,WIN,1,0.6796113739814901,56.612844528721034,0.022205646305839544,0.1395932186309956,0.08979577857483262,1.507898562724248,0.2404040753297401,0.019385638091633753,170.13500000000099,1959.989999999998
2023-11-04 05:00:00,LONG,UPTREND,ENGULFING,BEARISH,1,0,34760.0,34210.78500285714,35984.99,35064.77,WIN,1,0.5549192967881058,49.810352407144286,0.022688945200743937,0.1476072700528741,0.22856518754882557,1.6265966215938565,0.6389479750142888,0.017784040761971914,155.7685714285721,1959.989999999998
2023-11-04 07:00:00,LONG,UPTREND,NONE,NONE,0,0,34767.99,34232.04107428571,35984.99,35277.01,WIN,1,0.9497546791825519,75.88461828890678,0.03237227550956234,0.1547429141856682,0.23142078363426766,1.6165441796197908,0.5763906135486472,0.012954668995540491,141.59785714285786,1959.989999999998
2023-11-04 09:00:00,LONG,UPTREND,NONE,NONE,0,0,34757.01,34245.43500285714,35984.99,35163.98,WIN,1,0.7955236324545256,65.28062878133102,0.05541757667564262,0.15932857317089155,0.17378038661244688,1.5497440171903438,0.7880957108126044,0.011977782744507028,132.6685714285725,1959.989999999998
2023-11-04 10:00:00,LONG,UPTREND,ENGULFING,BEARISH,1,0,34729.94,34255.87500285714,35984.99,35057.28,WIN,1,0.6904960331870884,59.656993582826914,0.049840297720571414,0.15868831696117525,0.09200266403597349,1.4558070505684693,0.5447129411872426,0.012018686512452097,125.70857142857234,1959.989999999998
2023-11-04 11:00:00,LONG,UPTREND,NONE,NONE,0,0,34712.37,34256.98500285714,35984.99,35162.46,WIN,1,0.9883724822379101,57.79409707651426,0.04077005026836833,0.15545863491390755,0.039742932837792316,1.3903109751441014,0.5568970457005099,0.01184328496054451,124.96857142857282,1959.989999999998
2023-11-04 12:00:00,LONG,UPTREND,NONE,NONE,0,0,34758.78,34255.59750285714,35984.99,35024.2,WIN,1,0.5274825764152986,58.897970303773214,0.03812630175459297,0.15636455792298332,0.16667974659399676,1.5104564388732846,0.6548210217652054,0.012014936505368008,125.89357142857314,1959.989999999998
2023-11-04 14:00:00,LONG,UPTREND,NONE,NONE,0,0,34733.14,34309.909614285716,35984.99,35121.43,WIN,1,0.917443579445947,52.546370601945384,0.015759041256302453,0.15478550014005332,0.08921114619279594,1.4077060462141233,1.066613384962079,0.008651716106662346,127.61785714285828,1887.5999999999985
2023-11-04 15:00:00,LONG,UPTREND,PINBAR,BEARISH,1,0,34709.91,34315.15425714286,35984.99,35085.98,WIN,1,0.9526650512494059,45.64228420926627,0.01287668117777585,0.15176311588664948,0.021396585679469553,1.3263741773170485,0.8486803542063348,0.007211428004841818,124.12142857142992,1887.5999999999985
2023-11-04 17:00:00,LONG,UPTREND,PINBAR,BEARISH,1,0,34761.17,34320.486757142855,35984.99,34831.04,WIN,1,0.15854925534949926,54.2102295610147,0.010216426674314327,0.14618577110334652,0.16333405439807838,1.4483083463682467,0.5721182371816612,0.005632961460800226,120.56642857142963,1887.5999999999985
2023-11-04 18:00:00,LONG,UPTREND,NONE,NONE,0,0,34780.17,34321.92247142857,35984.99,34897.19,WIN,1,0.2553641704622155,59.067572731653314,0.018834027899550243,0.14254536377686922,0.20951186618196607,1.488573157719658,0.48350165021112596,0.005065184425324069,119.60928571428667,1887.5999999999985
2023-11-04 19:00:00,LONG,UPTREND,NONE,NONE,0,0,34730.73,34333.717828571425,35984.99,34882.92,WIN,1,0.3833383733611147,47.39743566944696,0.01782243424270913,0.14034101681075217,0.0644324202270958,1.3307529900296011,0.43726711033832055,0.0050398250647523315,111.74571428571497,1887.5999999999985
2023-11-04 20:00:00,LONG,UPTREND,ENGULFING,BEARISH,1,0,34754.85,34358.73461428571,35984.99,34954.59,WIN,1,0.5042470128743465,48.21337908576792,0.022201828961110337,0.1396483294662465,0.12866700324437147,1.386990844663799,0.5528952714796324,0.0049342150458649234,95.06785714285797,1887.5999999999985
2023-11-04 21:00:00,LONG,UPTREND,NONE,NONE,0,0,34798.49,34357.07497142857,35984.99,35066.92,WIN,1,0.6081125077882668,52.510040160642696,0.03308176996252854,0.14074241330792603,0.24439316550790724,1.49900412885765,0.9731442254185664,0.005112834532716314,96.1742857142864,1887.5999999999985
2024-02-24 16:00:00,LONG,UPTREND,NONE,NONE,0,0,51215.04,50860.464928571426,52985.0,51656.46,WIN,1,1.2449267745234514,73.37809370388322,-0.00516584747383142,-0.0025017987770326044,0.13130679089010117,0.19211991579979515,0.8730083577878459,0.01258948645973194,125.22071428571508,2464.0
2024-04-20 00:00:00,SHORT,DOWNTREND,PINBAR,BULLISH,1,0,63444.51,65263.08499714286,59600.01,65263.08499714286,LOSS,0,-1.0,32.93368254772906,0.1518356554865541,-0.07692184122096712,-0.0784917757014282,-1.7854535224057884,0.847355109990569,0.04085541613703032,709.9885714285707,5849.989999999998
2024-04-20 09:00:00,SHORT,DOWNTREND,NONE,NONE,0,0,63615.01,64964.850711428575,59600.01,64964.850711428575,LOSS,0,-1.0,37.52932252672388,0.09589811785284397,-0.11114802651556177,-0.0010157358263823224,-1.4296219837725996,0.8342423626174108,0.01932026947243063,511.1657142857143,5849.989999999998
2024-04-20 10:00:00,SHORT,DOWNTREND,PINBAR,BULLISH,1,0,63567.28,64937.75642571429,59600.01,64937.75642571429,LOSS,0,-1.0,40.88010618805533,0.05560528620931482,-0.10817075068053628,-0.07306448024336035,-1.4888405704886485,0.5689714866396755,0.019437605428692065,493.1028571428573,5849.989999999998
2024-05-24 15:00:00,LONG,UPTREND,NONE,NONE,0,0,68326.46,66809.73768857143,71979.0,69104.67,WIN,1,0.5130866699435639,58.02051341166541,-0.2044936748903603,-0.027355324536293413,0.07779892270011918,1.0862523266444304,1.2664828736493483,0.022249914696435745,476.7507142857129,5666.8399999999965
2024-05-24 16:00:00,LONG,UPTREND,NONE,NONE,0,0,68394.33,66790.16697428572,71979.0,69116.3,WIN,1,0.4500602422740239,55.98507041767157,-0.13669420449602399,-0.004900476596847447,0.17024697440355357,1.1747169642491209,1.145382873072153,0.024495050166462858,489.797857142856,5666.8399999999965
2024-05-29 01:00:00,LONG,UPTREND,NONE,NONE,0,0,68570.0,67215.9801,70687.56,67215.9801,LOSS,0,-1.0,52.70589790504355,-0.021197805039663287,-0.01412851363685741,0.009264129140396165,0.3065340634809555,0.5573320512127485,0.018172789368178833,527.7300000000012,3409.649999999994
2024-05-31 05:00:00,LONG,UPTREND,NONE,NONE,0,0,68442.72,67347.98166857142,70687.56,67347.98166857142,LOSS,0,-1.0,48.03209799275801,0.06437894880619854,0.026684901881157685,0.21426178409969396,0.24223234365162924,0.5781976686576223,0.021105271655509798,359.4207142857153,3562.9100000000035
2024-05-31 10:00:00,LONG,UPTREND,NONE,NONE,0,0,68333.33,67512.98595428572,70687.56,67512.98595428572,LOSS,0,-1.0,44.90296118447378,-0.032864986508074345,0.00889806730117737,0.08698583137892173,0.08947233404040277,0.9304309310964735,0.019665898496943085,249.41785714285547,3562.9100000000035
2024-05-31 11:00:00,LONG,UPTREND,NONE,NONE,0,0,68349.73,67516.09309714286,70687.56,67516.09309714286,LOSS,0,-1.0,47.52950368934336,-0.02711329785358707,0.007493594124463598,0.10664886222695905,0.11236324803601287,1.0571781836232397,0.019751022532137428,247.3464285714269,3562.9100000000035
2024-06-09 12:00:00,LONG,UPTREND,NONE,NONE,0,0,69712.95,69004.70335142857,71997.02,69387.5,LOSS,0,-0.4595150582871784,68.86260694514385,-0.06939869585591563,-0.03838171808924207,0.08439335871351346,0.12499576245232956,2.933249531024226,0.006295841528715682,120.519285714286,3577.020000000004
2024-06-09 17:00:00,LONG,UPTREND,NONE,NONE,0,0,69660.51,68933.39977999999,71997.02,69408.21,LOSS,0,-0.3469900340556175,67.40064027484985,-0.02606773655529082,-0.019585562143464852,0.03518403121079401,0.05493848364078479,0.7056137423762825,0.008254026839655917,168.0550000000003,3577.020000000004
2024-06-09 18:00:00,LONG,UPTREND,NONE,NONE,0,0,69738.1,68914.59835142856,71997.02,69662.09,LOSS,0,-0.09230096883456931,68.29542002767613,-0.009785110344440184,-0.01387641778215487,0.1408489060369496,0.164724448222238,1.7682564823919924,0.009341537206055676,180.58928571428675,3577.020000000004
2024-06-09 19:00:00,LONG,UPTREND,NONE,NONE,0,0,69710.26,68906.94406571428,71997.02,70066.12,WIN,1,0.4429888476150081,67.33692170744487,0.0029941950530520955,-0.008876231765764242,0.09691229472970186,0.12349519364972651,1.2639996962835087,0.00998496563682505,185.69214285714406,3577.020000000004
2024-06-09 20:00:00,LONG,UPTREND,NONE,NONE,0,0,69686.85,68905.07656571428,71997.02,69972.17,WIN,1,0.36496507490137,63.11463782250272,0.01291300139234508,-0.003924298367607992,0.06081411266773335,0.08897682134256685,0.7101521730289018,0.010244369998367768,186.93714285714356,3577.020000000004
2024-06-09 21:00:00,LONG,UPTREND,PINBAR,BULLISH,1,1,69749.96,68898.72299428571,71997.02,70043.0,WIN,1,0.34425195102284717,70.73308751049674,0.019563340959072306,0.0015776988838034356,0.14548433852537165,0.17782924169048275,0.6147794991337017,0.010659949097327735,191.17285714285805,3577.020000000004
2024-06-09 23:00:00,LONG,UPTREND,NONE,NONE,0,0,69648.14,68885.10942285715,71997.02,69490.8,LOSS,0,-0.2062040561849456,62.08655600938592,0.011576569294091676,0.0030226558089152533,9.371667450763395e-05,0.03116049785642673,0.39383199212490533,0.009646156191378768,200.24857142857218,3577.020000000004
2024-06-10 02:00:00,LONG,UPTREND,NONE,NONE,0,0,69716.0,68875.74406571429,71997.02,69495.99,LOSS,0,-0.261836889241397,50.15175488352206,-0.0027741915105128356,0.0068968893975895895,0.09950225674881749,0.12828715852428685,1.4926725884856509,0.008686355918641532,206.49214285714385,3577.020000000004
2024-06-10 04:00:00,LONG,UPTREND,ENGULFING,BEARISH,1,0,69674.33,68927.47477999999,71997.02,69410.85,LOSS,0,-0.352785912107559,60.23582232199449,-0.0022304146281793003,0.005179396352317234,0.03992835850590088,0.06794878082272732,0.5887704621574449,0.007363759211170272,172.0050000000005,3577.020000000004
2024-06-28 07:00:00,SHORT,DOWNTREND,NONE,NONE,0,0,61350.01,62530.85262571429,58402.0,60762.0,WIN,1,0.4979579727182679,39.655157915979935,0.03926170692487574,-0.17597817486276757,-0.2649313068408912,-2.2121734221784277,1.3763590094127867,0.012743727083667397,302.63785714285666,4675.440000000002
2024-06-28 08:00:00,SHORT,DOWNTREND,NONE,NONE,0,0,61480.21,62459.174242857145,58402.0,60773.55,WIN,1,0.7218445465766767,41.85342732134172,0.015526854328395956,-0.17679094630922432,-0.051180755144088166,-1.9850925617610322,0.811728763066131,0.012090364806873734,308.21642857142797,4573.5999999999985
2024-06-28 12:00:00,SHORT,DOWNTREND,NONE,NONE,0,0,61395.09,62493.97745714286,58402.0,60982.03,WIN,1,0.37588926628934843,44.790487939762485,0.005571526710212993,-0.18422349446796105,-0.19720649709469606,-2.0485072581484958,2.883787690139376,0.01181365755310041,331.41857142857043,4573.5999999999985
2024-06-28 13:00:00,SHORT,DOWNTREND,NONE,NONE,0,0,61297.99,62462.79464285714,58402.0,60970.0,WIN,1,0.281583699044566,41.42331628410884,-0.006263965005282035,-0.1908207075638546,-0.34117452477592525,-2.1819771705731124,2.1120567805065877,0.012355329878686884,367.5364285714277,4465.0
2024-06-28 14:00:00,SHORT,DOWNTREND,PINBAR,BEARISH,1,1,60928.02,62215.377374285716,58402.0,60994.36,LOSS,0,-0.05153192215705609,37.869120560187845,-0.04551431309042231,-0.20198890664110403,-0.9060423824481236,-2.7455390244814244,2.327688009367325,0.015155758583893574,401.2871428571421,4085.8099999999977
2024-06-28 15:00:00,SHORT,DOWNTREND,NONE,NONE,0,0,61062.01,62184.87487428571,58402.0,61102.33,LOSS,0,-0.03590814970113701,26.663917637889526,-0.07471941467728227,-0.20860885786185834,-0.6613130408095749,-2.5071025380833984,1.3799952852398112,0.0167641762513679,380.95214285714246,4085.8099999999977
2024-06-28 16:00:00,SHORT,DOWNTREND,NONE,NONE,0,0,60940.01,62174.650231428575,58402.0,61045.43,LOSS,0,-0.08538519749839939,29.907192811254845,-0.1195879783187137,-0.217368043875521,-0.8263500729305403,-2.6757251940799627,1.499881822003513,0.018927669025389116,374.1357142857144,4085.8099999999977
2024-07-10 14:00:00,SHORT,DOWNTREND,NONE,NONE,0,0,57713.03,59185.75138285714,54260.16,58462.29,LOSS,0,-0.5087588247998455,52.60264283188113,0.1527641870064933,0.05473107796771792,-0.039255675446580075,-0.8450641202419295,1.1847175809322654,0.037996269334974506,553.7714285714283,5209.8399999999965
2024-07-10 15:00:00,SHORT,DOWNTREND,NONE,NONE,0,0,57699.69,59172.16031142857,54260.16,58777.99,LOSS,0,-0.7323067851560601,48.77689113344713,0.08166227882366872,0.032368256553261254,-0.059916903246572,-0.8594207301917428,1.1556842324358283,0.0385163544018617,544.7107142857136,5209.8399999999965
2024-07-10 16:00:00,SHORT,DOWNTREND,NONE,NONE,0,0,57696.73,59189.677097142856,54260.16,59189.677097142856,LOSS,0,-1.0,47.66237099136002,0.024384116102660336,0.005677982526308689,-0.062494694997208736,-0.8559782275401405,1.1275526621801193,0.03918804453886514,556.3885714285706,5209.8399999999965
2024-07-10 17:00:00,SHORT,DOWNTREND,NONE,NONE,0,0,57627.81,59184.11316857143,54260.16,59184.11316857143,LOSS,0,-1.0,42.62947143619857,-0.01207749160549998,-0.017463065319800464,-0.17475244047270028,-0.9648058623754161,0.6039610872742679,0.03977421415266797,552.6792857142848,5209.8399999999965
2024-07-10 18:00:00,SHORT,DOWNTREND,PINBAR,BULLISH,1,0,57630.16,59081.98781142857,54260.16,59081.98781142857,LOSS,0,-1.0,16.731243122607623,-0.02042262457665478,-0.036534290032386174,-0.16399925256203224,-0.9512983830199672,0.37495587891168725,0.04064404409416007,484.59571428571354,5209.8399999999965
2024-07-11 00:00:00,SHORT,DOWNTREND,NONE,NONE,0,0,57628.89,59000.864597142856,54260.16,59000.864597142856,LOSS,0,-1.0,19.780989255410717,-0.039013389458431025,-0.09966936662382242,-0.10465041690826929,-0.8908409283412251,0.5670719206397927,0.041254072448057615,430.5135714285721,5209.8399999999965
2024-07-11 03:00:00,SHORT,DOWNTREND,NONE,NONE,0,0,57568.0,59055.80638285715,54260.16,59055.80638285715,LOSS,0,-1.0,45.57044378616319,0.03879373657462715,-0.08510666456051919,-0.25074829810539884,-0.983321425795896,1.7045046316011316,0.02946686250624098,467.14142857142986,5209.8399999999965
2024-07-11 14:00:00,SHORT,DOWNTREND,NONE,NONE,0,0,57790.01,59382.45495428572,54260.16,57172.84,WIN,1,0.38756127697791193,52.17534536577993,0.2129403743582392,0.028124495368886393,-0.21406086063134136,-0.6232949431449244,2.5263392465996315,0.03027554558106637,590.5871428571435,5389.8399999999965
2024-07-11 16:00:00,SHORT,DOWNTREND,NONE,NONE,0,0,57640.84,59368.72031142857,54260.16,57382.3,WIN,1,0.1496284194512512,46.49438704170017,0.050219615032975895,0.01145790501544397,-0.4200467790278168,-0.8585271482170753,0.8226177684179259,0.02929788202559308,581.4307142857148,5389.8399999999965
2024-07-11 17:00:00,SHORT,DOWNTREND,NONE,NONE,0,0,57797.32,59309.59888285714,54260.16,57850.2,LOSS,0,-0.034967095420979095,53.67168136492017,-0.02080892400246892,0.004596964628067468,-0.1438502645956946,-0.5835533525552723,0.5946844534638982,0.028029859534892062,542.0164285714293,5389.8399999999965
2024-07-11 18:00:00,SHORT,DOWNTREND,NONE,NONE,0,0,57841.27,59311.86066857143,54260.16,57820.01,WIN,1,0.01445677607940161,51.03696383487094,-0.06906444956086277,-0.0008886066547808547,-0.06525634717360962,-0.5029266433848295,0.5908608947650098,0.02773440502752339,543.5242857142865,5389.8399999999965
2024-07-24 17:00:00,LONG,UPTREND,NONE,NONE,0,0,66586.01,65475.60900857144,68474.55,65475.60900857144,LOSS,0,-1.0,59.49135046629165,-0.007602397172368214,0.14905124385928836,0.16574282626032594,1.6723966960247267,0.828375147718589,0.018551997913810642,409.7557142857134,3033.470000000001
2024-08-19 03:00:00,SHORT,DOWNTREND,NONE,NONE,0,0,58736.85,59914.75862857143,56078.54,59438.5,LOSS,0,-0.5956743867739253,28.710514506467774,-0.27316994742802025,-0.04968309011722516,-0.9328630457406957,-1.0058106632742918,0.6763326125916194,0.037889471097342024,353.2992857142859,4206.449999999997
2024-08-19 16:00:00,SHORT,DOWNTREND,PINBAR,BEARISH,1,1,58705.99,59978.06612857142,56078.54,59978.06612857142,LOSS,0,-1.0,50.71584792065137,-0.16579398112320787,-0.14509388115337973,-0.404544993708909,-0.874984391498135,0.6556893037902947,0.023720233973430375,395.5042857142845,4206.449999999997
2024-10-05 20:00:00,SHORT,DOWNTREND,NONE,NONE,0,0,61723.38,62369.26839142857,59828.11,62369.26839142857,LOSS,0,-1.0,30.698764708603875,0.014113962889572562,-0.07515298034082019,-0.18456329300712473,-1.2157223842509957,1.0704896081629796,0.010840505317756315,147.98071428571347,2950.6200000000026
2024-12-26 07:00:00,SHORT,DOWNTREND,NONE,NONE,0,0,97719.99,99364.1232,92520.0,96417.84,WIN,1,0.7919978746247637,40.63228730162566,0.10130743695520028,0.06197330566339865,-0.11587460405006757,-0.35597946993127566,1.1875024829744556,0.01654552320016163,662.249999999998,7443.699999999997
2025-01-12 11:00:00,SHORT,DOWNTREND,NONE,NONE,0,0,94255.1,95474.56394285714,91203.67,95474.56394285714,LOSS,0,-1.0,30.321554851448965,-0.0671208706682247,-0.13309467157185395,-0.17285528406366132,-1.3558320027483193,1.0281620649671286,0.010527094152828029,264.57142857142856,4928.800000000003
2025-01-12 12:00:00,SHORT,DOWNTREND,NONE,NONE,0,0,94328.2,95472.69108571428,91203.67,95472.69108571428,LOSS,0,-1.0,40.95552679970007,-0.064312342309647,-0.13487435217405253,-0.09169478521186147,-1.2667596613830676,1.357995611861886,0.01055534888293914,263.32285714285746,4928.800000000003
2025-01-12 21:00:00,SHORT,DOWNTREND,NONE,NONE,0,0,94352.7,95425.64423714286,91203.67,95425.64423714286,LOSS,0,-1.0,50.56287191493496,0.05030945960426969,-0.0773396762787204,-0.1926871027517403,-1.1772579879077076,1.0457481062297929,0.014662441059922433,387.308571428573,4632.330000000002
2025-01-13 01:00:00,SHORT,DOWNTREND,NONE,NONE,0,0,94218.01,95788.77538,91203.67,91203.67,WIN,1,1.9190262520300607,49.60169416899152,-0.010150503752504036,-0.08282697110201243,-0.33288473969936194,-1.2793288345958833,2.0718651001901796,0.017704711501922377,574.9000000000004,4736.330000000002
2025-01-13 02:00:00,SHORT,DOWNTREND,NONE,NONE,0,0,94217.43,95807.3635942857,91203.67,91203.67,WIN,1,1.8955257067537727,48.791630758489745,-0.01536458740341029,-0.09064651461477835,-0.3204618311253162,-1.2673622728899263,1.2314961005195089,0.017913795906517115,587.2921428571426,4736.330000000002
2025-01-13 03:00:00,SHORT,DOWNTREND,NONE,NONE,0,0,94269.23,95808.28716571428,91203.67,91203.67,WIN,1,1.99184284267781,45.411857189040056,-0.002055537174272537,-0.09881405228766571,-0.2552674084320086,-1.201154385741947,1.142865979246054,0.01798207102037124,587.9078571428576,4736.330000000002
2025-01-13 04:00:00,SHORT,DOWNTREND,NONE,NONE,0,0,94503.34,95848.95323714286,91203.67,91203.67,WIN,1,2.4521682077133584,46.49315180916249,-0.0037059499770730753,-0.10293392511706578,-0.007263013942606609,-0.946375053681968,0.9351282660559584,0.01762060501092231,615.018571428572,4736.330000000002
2025-01-13 05:00:00,SHORT,DOWNTREND,NONE,NONE,0,0,94181.37,95819.30359428571,91203.67,91203.67,WIN,1,1.817961369367078,39.98871308989285,-0.051012846382569865,-0.10680439630509353,-0.3343363222830977,-1.271235526825385,0.7785871744958606,0.01684941910633588,595.2521428571428,4736.330000000002
2025-02-05 11:00:00,SHORT,DOWNTREND,NONE,NONE,0,0,98198.0,101254.01578857141,91231.0,98195.61,WIN,1,0.0007820640223579026,69.03433694755071,-0.15633849057465898,-0.26271980123863115,-0.2764387374967399,-2.1762433095005265,0.6883025247283238,0.02750969747295971,777.0492857142859,11269.009999999995
2025-02-05 14:00:00,SHORT,DOWNTREND,NONE,NONE,0,0,98292.27,101172.55936,91231.0,99013.3,LOSS,0,-0.25033248742758263,50.254081161259585,-0.06063060495939965,-0.24690626449276332,-0.16229809247795282,-2.0224712075835884,1.074187556012373,0.020445221344438626,722.7450000000016,11269.009999999995
2025-03-02 14:00:00,SHORT,DOWNTREND,NONE,NONE,0,0,85107.45,87661.42562285713,78258.52,87661.42562285713,LOSS,0,-1.0,36.965714399158216,0.12629844474416618,-0.2726713502520073,-0.20198047079160092,-3.49623352414931,2.3843063545579763,0.013810927664634418,475.2964285714302,11055.929999999993
2025-03-13 12:00:00,SHORT,DOWNTREND,NONE,NONE,0,0,82517.99,85043.5495,76606.0,82593.44,LOSS,0,-0.029874568387716637,32.92724084107242,0.08408736547182993,-0.13644269112239593,-0.21070090935093405,-2.0486677333656287,1.9835689149603781,0.02311667035502936,651.2250000000006,9492.0
2025-03-14 01:00:00,SHORT,DOWNTREND,NONE,NONE,0,0,81603.08,84186.7711,76606.0,84186.7711,LOSS,0,-1.0,39.74383111740679,-0.19548502704980208,-0.37040547697965165,-0.5161200650843907,-2.6845754812029736,0.43071694172749336,0.0545058119251685,896.510000000001,7933.850000000006
2025-03-14 03:00:00,SHORT,DOWNTREND,NONE,NONE,0,0,81888.77,83982.67467142857,76606.0,83982.67467142857,LOSS,0,-1.0,50.864485908926234,-0.09250989551478073,-0.3259733430573508,-0.17045564702322805,-2.3024151958491004,0.685860877376845,0.04931247151493338,760.4457142857146,7933.850000000006
2025-03-14 04:00:00,SHORT,DOWNTREND,NONE,NONE,0,0,81948.16,83899.11074285714,76606.0,83899.11074285714,LOSS,0,-1.0,49.5118496235815,-0.0491482089041928,-0.30950135061078576,-0.09421242860287325,-2.2098459317582537,0.32301994426498337,0.04706933889851917,704.7364285714284,7933.850000000006
2025-03-16 09:00:00,SHORT,DOWNTREND,NONE,NONE,0,0,83897.02,84551.03994571428,79939.9,84551.03994571428,LOSS,0,-1.0,38.5056422075925,0.07967602350431591,0.035580602832152586,-0.00730933137192279,-0.010562499187290636,1.3868037274627192,0.007973796774545827,260.31285714285747,5369.810000000012
2025-03-16 10:00:00,SHORT,DOWNTREND,NONE,NONE,0,0,83666.98,84579.73923142857,79939.9,84579.73923142857,LOSS,0,-1.0,30.926767956822474,0.042471663690846206,0.028267153185246308,-0.270473904233828,-0.2819017120940871,1.4822762179991822,0.010099429498012865,279.44571428571464,5369.810000000012
2025-03-16 14:00:00,SHORT,DOWNTREND,PINBAR,BEARISH,1,1,83373.16,84861.19066,79939.9,84861.19066,LOSS,0,-1.0,39.757205419014966,-0.20426687493230178,-0.03638571918777034,-0.42828000259004423,-0.5802242154743802,1.8750853153951792,0.03057124733187557,467.07999999999964,5369.810000000012
2025-03-16 15:00:00,SHORT,DOWNTREND,ENGULFING,BULLISH,1,0,83320.83,84870.91708857143,79939.9,84870.91708857143,LOSS,0,-1.0,43.08449205412581,-0.21245864550558657,-0.04876519052757766,-0.4716217959675556,-0.6362724309925376,1.5996105158737033,0.030931332907760095,473.5642857142853,5369.810000000012
2025-03-16 16:00:00,SHORT,DOWNTREND,NONE,NONE,0,0,83634.53,85023.81958857142,79939.9,83052.0,WIN,1,0.41930063018682917,46.03685798581717,-0.14698991899975145,-0.055316525733550836,-0.09310444684780125,-0.25956958465275487,5.21780087218171,0.03048882570216657,575.4992857142851,5369.810000000012
2025-03-16 18:00:00,SHORT,DOWNTREND,NONE,NONE,0,0,83701.75,85070.64208857142,79939.9,82913.03,WIN,1,0.576173977908743,41.63999073237849,-0.031989372085305945,-0.06517110865077447,-0.021337245126731064,-0.17833855463900314,0.7643645944466363,0.029219188435142287,606.7142857142846,5369.810000000012
2025-03-17 10:00:00,SHORT,DOWNTREND,ENGULFING,BULLISH,1,0,83344.34,84933.36316000001,79939.9,82450.01,WIN,1,0.5628174733463264,51.51290531037368,-0.005031219547202426,-0.04180021276561918,-0.1749951482953107,-0.490259604889059,0.5475947120843789,0.02082993818926293,515.1950000000028,5369.810000000012
2025-03-23 03:00:00,LONG,UPTREND,NONE,NONE,0,0,84224.39,83201.3238057143,87453.67,86082.5,WIN,1,1.816216790642105,52.113865267474885,-0.03108826566672329,0.0029428838310030514,0.027986625104319533,0.21103870866011157,0.6752807059245204,0.006928053055266614,184.54214285714156,5057.929999999993
2025-03-23 05:00:00,LONG,UPTREND,NONE,NONE,0,0,84230.1,83326.53599714287,87453.67,85563.04,WIN,1,1.4752026373174818,54.590563189002125,-0.006707842834030586,0.0019463286567544813,0.037917447153062445,0.2150380361092747,0.4973574176549054,0.006506131730217973,180.41142857142717,4906.509999999995
2025-03-23 06:00:00,LONG,UPTREND,ENGULFING,BULLISH,1,1,84242.24,83326.58099714287,87453.67,85883.16,WIN,1,1.7920645075075154,53.899064902254004,0.0016905725876315003,0.005449665942491855,0.050282395283493445,0.2271933392089865,0.6561872488432188,0.005835318213639465,180.38142857142626,4906.509999999995
2025-03-23 07:00:00,LONG,UPTREND,NONE,NONE,0,0,84279.82,83480.66957714285,87453.67,86532.07,WIN,1,2.8183054598753228,51.65547935800217,0.0037685400458675744,0.008579563005794988,0.09118875342893855,0.2691913421595689,0.5957222740652957,0.005948296660625034,179.19642857142753,4712.729999999996
2025-03-23 08:00:00,LONG,UPTREND,NONE,NONE,0,0,84347.12,83525.51764,87453.67,86841.83,WIN,1,3.036395854559178,54.13716475095775,0.009336738950471712,0.013060983996715514,0.16439320399020654,0.34577210789997714,1.0291868689074715,0.006313907921164474,176.52999999999884,4660.759999999995
2025-03-23 09:00:00,LONG,UPTREND,NONE,NONE,0,0,84325.66,83623.8430857143,87453.67,86899.73,WIN,1,3.6677229454063793,56.119182467372966,0.019481394375597816,0.018674279659736115,0.13345421972577912,0.3170450671645337,0.8578929306682221,0.0066450170968670634,172.71214285714086,4542.949999999997
2025-03-23 10:00:00,LONG,UPTREND,NONE,NONE,0,0,84461.98,83733.35752,87453.67,87113.37,WIN,1,3.638907764690478,72.13800895295019,0.029517045925153695,0.023875263180261896,0.2837145528092133,0.4744256305049128,1.1286068131727092,0.007318091217962627,167.43999999999818,4413.679999999993
2025-03-23 11:00:00,LONG,UPTREND,NONE,NONE,0,0,84679.99,83700.91787714287,87453.67,86874.52,WIN,1,2.2414385506104564,75.34238274148646,0.04874692150382831,0.030888449303922982,0.5211751320066903,0.7264121425304225,4.440740151909393,0.009140977037685266,189.06642857142702,4413.679999999993
2025-03-23 12:00:00,LONG,UPTREND,NONE,NONE,0,0,84725.24,83793.60902285714,87453.67,87453.67,WIN,1,2.9286595947760037,79.02320032220597,0.06757797745042815,0.03639888494968435,0.5522208961180848,0.7724132677812565,1.3162137227221555,0.01075013342970948,198.1485714285705,4278.419999999998
2025-04-16 19:00:00,LONG,UPTREND,NONE,NONE,0,0,84334.01,82620.81901714286,86496.42,84531.71,WIN,1,0.11539869283592759,58.140088559227486,0.005609507219417331,0.09516563440779002,0.07498983316024554,1.1065603085711857,0.7605274700992446,0.02417611512440274,769.5464285714271,3462.1900000000023
2025-04-16 20:00:00,LONG,UPTREND,NONE,NONE,0,0,84295.99,82627.59794571428,86496.42,84934.0,WIN,1,0.38241011659165536,55.69790610689693,-0.020228323089621636,0.09849788582618757,0.02870154206287452,1.050310915387045,0.4979777452792616,0.023155738727178327,765.0271428571422,3462.1900000000023
2025-04-17 01:00:00,LONG,UPTREND,NONE,NONE,0,0,84337.99,82703.01580285715,86496.42,85062.0,WIN,1,0.44282656036114365,52.609631907584436,0.00857865221031151,0.10018520493875194,0.06995562309989162,1.0477439669533948,0.29011287708583133,0.022610512236111,714.7485714285712,3462.1900000000023
2025-05-05 22:00:00,LONG,UPTREND,ENGULFING,BULLISH,1,1,95049.48,93682.88704857143,97895.68,93682.88704857143,LOSS,0,-1.0,56.74384953329893,-0.07708545772791009,-0.05129058013180199,0.09739687926753196,0.2229437686393964,0.8959610243490478,0.014336545828210312,512.5807142857157,4381.579999999987
2025-07-06 12:00:00,LONG,UPTREND,NONE,NONE,0,0,108232.99,107582.91059142858,110529.18,109011.7,WIN,1,1.1978690445083193,52.12660259472285,-0.029134244746054083,0.02523679036043891,0.04995118617707726,0.42199216014778224,1.521101770758777,0.0035876146688734265,156.80928571428583,3449.179999999993
2025-07-06 18:00:00,LONG,UPTREND,PINBAR,BULLISH,1,1,108463.99,107491.40844857143,110529.18,108223.14,LOSS,0,-0.24763990191489108,61.40474749512484,0.10155758333885156,0.06548617896890985,0.1402296780381947,0.5803962696272977,1.4927441832955288,0.013610855823518724,304.27071428571384,3284.179999999993
2025-07-16 06:00:00,LONG,UPTREND,NONE,NONE,0,0,118276.3,116341.36433428571,123218.0,118330.57,WIN,1,0.02804744414071772,61.49763241468352,-0.05699016684881375,0.1803619947463364,0.2070818313125482,2.162733890122407,0.36683774742977765,0.021924924472847922,664.3378571428568,7481.080000000002
2025-07-16 07:00:00,LONG,UPTREND,NONE,NONE,0,0,118189.25,116356.86254857143,123218.0,118128.8,LOSS,0,-0.032989747857566316,58.80588770891133,-0.025807233382491024,0.1840061156181072,0.12809522120500189,2.0663425030259,0.4660819338911592,0.022803945665276635,654.0057142857133,7481.080000000002
2025-07-17 05:00:00,LONG,UPTREND,NONE,NONE,0,0,118587.03,116200.00754857143,123218.0,120336.88,WIN,1,0.7330680945010677,44.88027164057145,-0.028394016693722435,0.20779902262932914,0.07632837967854897,1.8783652149962053,0.4966924790547092,0.015353856817765231,758.575714285713,7481.080000000002
2025-07-17 16:00:00,LONG,UPTREND,NONE,NONE,0,0,118558.61,116403.45469142857,123218.0,119442.44,WIN,1,0.4101003748940305,53.13809028408488,0.0030827703197733314,0.16288347561974614,0.07379259349246543,1.6704827760562924,0.8871151764346866,0.011516492498651667,622.9442857142848,7481.080000000002
2025-07-20 18:00:00,LONG,UPTREND,NONE,NONE,0,0,118361.79,117186.61865714286,120998.71,117186.61865714286,LOSS,0,-1.0,58.19356071006484,0.04206830486717106,0.06393340798591662,0.15028026705703326,0.7187469862732297,1.4156059812128097,0.008850148376107788,347.95642857142957,4185.950000000012
2025-07-21 02:00:00,LONG,UPTREND,NONE,NONE,0,0,118183.92,116536.33023142857,120998.71,117348.96,LOSS,0,-0.5067766357422563,51.33488928103839,-0.0986279268523349,0.025176553023009696,0.10866630311952878,0.5537269923725532,1.0427419043192756,0.013748847663706905,600.3142857142842,4531.690000000002
2025-07-22 06:00:00,LONG,UPTREND,NONE,NONE,0,0,117847.26,115989.60636857142,120820.71,119090.73,WIN,1,0.6693766690207718,50.98269048771494,-0.11687603364044508,-0.029834695977615233,0.013869662007191823,0.19916279410079335,0.9727756695490547,0.021647490133279323,761.7557142857175,4692.710000000006
2025-08-07 04:00:00,SHORT,DOWNTREND,NONE,NONE,0,0,114349.58,115484.16928571429,111920.0,115484.16928571429,LOSS,0,-1.0,30.478093215602613,0.024342833955470766,-0.024453082689990246,-0.11984652098528396,-0.6665713499818507,0.6473895528455806,0.017407870283697,384.9128571428581,3800.0
2025-10-14 20:00:00,SHORT,DOWNTREND,NONE,NONE,0,0,112992.87,117354.55608,102000.0,110748.0,WIN,1,0.5146794058136334,57.67450025569197,-0.10662801634011565,-0.35666925538577754,-0.24432294618004302,-2.654965690189673,0.38355504510000443,0.03596375506866204,1089.28,17456.28
2025-10-14 21:00:00,SHORT,DOWNTREND,ENGULFING,BULLISH,1,0,113128.7,116519.60071714285,102000.0,111186.78,WIN,1,0.5726855965385638,60.930521458783154,-0.07481079046385286,-0.3377688288693004,-0.11953270826804857,-2.513327629700813,0.38285198667291664,0.03272970807920532,1071.7185714285713,16427.509999999995
2025-10-14 22:00:00,SHORT,DOWNTREND,PINBAR,BULLISH,1,0,113211.87,116080.6215,102000.0,111444.76,WIN,1,0.6159857345608365,60.956353182035976,-0.056772733809717923,-0.31397656226564985,-0.044295406687899615,-2.4179496867465584,0.4052994329696165,0.03162736168711326,1080.895,15851.5
2025-10-14 23:00:00,SHORT,DOWNTREND,NONE,NONE,0,0,113028.14,115634.84412,102000.0,111271.73,WIN,1,0.6738048965833556,64.27311872052499,-0.04878291361246623,-0.29377038679849754,-0.19842971053410682,-2.551333331176525,0.3574373348969036,0.030533890643712185,1050.73,15341.919999999998
2025-10-15 00:00:00,SHORT,DOWNTREND,NONE,NONE,0,0,112993.86,115447.64346857142,102000.0,111109.76,WIN,1,0.7678346619137181,71.68116175346044,-0.033720713011931025,-0.2776315504574578,-0.2197494089947623,-2.555864152538566,0.7640553082598746,0.03040589247889033,992.6242857142861,15214.64
2025-10-15 01:00:00,SHORT,DOWNTREND,NONE,NONE,0,0,112738.17,114428.41394571429,102000.0,110854.19,WIN,1,1.1146201734826116,64.15270962394996,-0.04121966960398682,-0.2763374497336435,-0.4281414737465482,-2.74950122583748,0.6360465669326568,0.030640834184866537,968.5728571428584,13963.809999999998
2025-10-21 02:00:00,SHORT,DOWNTREND,NONE,NONE,0,0,109514.92,110997.15673714285,103528.23,110997.15673714285,LOSS,0,-1.0,34.93851367433227,0.12021546039118203,-0.00607861893554551,-0.08668431172472343,-0.9254587066123859,1.0782352523836818,0.016206023504661705,694.3635714285701,8177.330000000002
2025-10-21 03:00:00,SHORT,DOWNTREND,NONE,NONE,0,0,109059.22,110992.16280857143,103528.23,110992.16280857143,LOSS,0,-1.0,26.89819790711941,0.05333243517406938,-0.017031761062102913,-0.4828232415637856,-1.324581196168725,0.7426025621979616,0.020741672580925245,691.0342857142844,8177.330000000002
2025-10-21 12:00:00,SHORT,DOWNTREND,PINBAR,BULLISH,1,0,108793.4,110986.76816571428,103528.23,110986.76816571428,LOSS,0,-1.0,31.105696585070987,-0.17250929563511486,-0.20357639545043327,-0.3179667700815493,-1.3774217978320618,1.6482506958834273,0.04702718860648971,687.4378571428564,8177.330000000002
2025-11-02 19:00:00,SHORT,DOWNTREND,NONE,NONE,0,0,110180.84,111912.98999142858,106304.34,106304.34,WIN,1,2.2379701637748344,44.631188336707865,-0.014109811507856396,-0.03951655551013289,-0.07177494948565777,-0.5993203442992653,0.4110982386244724,0.012732001494236683,458.8757142857129,6259.970000000001
2025-11-02 20:00:00,SHORT,DOWNTREND,NONE,NONE,0,0,110086.7,111479.47382571429,106304.34,106304.34,WIN,1,2.7157029592081803,39.985495025626626,-0.014651893503425661,-0.042761702182614325,-0.15100134245999178,-0.6774873018755555,0.39745120116355154,0.012481180049013012,449.7228571428558,5725.889999999999
2025-11-02 21:00:00,SHORT,DOWNTREND,PINBAR,BULLISH,1,0,109990.9,111430.13989714286,106304.34,106304.34,WIN,1,2.561463177416391,33.527802966572395,-0.018503850380591214,-0.053157552307880884,-0.22858447403431595,-0.756376355438362,0.3739435765423107,0.012448642526319848,416.8335714285703,5725.889999999999
2025-11-02 22:00:00,SHORT,DOWNTREND,NONE,NONE,0,0,109899.99,111456.25596857144,106304.34,106304.34,WIN,1,2.3104341241237973,32.980712740195344,-0.02810751267748879,-0.06013330590096677,-0.29888633954255694,-0.8301304141142434,0.8546116534234116,0.01275300287478064,434.2442857142856,5725.889999999999
2025-11-03 00:00:00,SHORT,DOWNTREND,NONE,NONE,0,0,109757.11,111360.23161714285,106304.34,106304.34,WIN,1,2.1537792036973884,40.474702986595176,-0.033851814446028694,-0.06516406723983126,-0.4223669306452267,-0.9471488320176438,0.8703650236993639,0.013439574632141028,490.8685714285696,5495.6600000000035
2025-11-25 08:00:00,SHORT,DOWNTREND,NONE,NONE,0,0,87009.82,88211.498,80600.0,88211.498,LOSS,0,-1.0,31.54315496481769,0.13416995018338262,-0.15525292401092905,-0.2376135549412594,-2.4378010188255437,1.0632209888408166,0.038290761372848627,553.260000000001,8628.0
2025-11-25 13:00:00,SHORT,DOWNTREND,NONE,NONE,0,0,87083.01,88169.93407142858,80600.0,88169.93407142858,LOSS,0,-1.0,33.585640605105695,0.02092879230757294,-0.1833888694358854,-0.17458873898832655,-2.2560541271376797,1.1740672551340878,0.02732692438499425,525.5507142857148,8628.0
2025-11-25 14:00:00,SHORT,DOWNTREND,ENGULFING,BEARISH,1,1,86741.55,88249.96657142858,80600.0,86955.17,LOSS,0,-0.14161870404120666,32.351236952946024,-0.0019334013523275573,-0.1994165325007069,-0.543936949601289,-2.6137411375017154,2.3813704616781495,0.028627735461216906,578.9057142857158,8628.0
2025-11-25 15:00:00,SHORT,DOWNTREND,NONE,NONE,0,0,86988.94,88313.80442857144,80600.0,87095.79,LOSS,0,-0.08064976136102038,40.025048340078065,-0.02083331367126462,-0.21007805568126203,-0.2501029893973873,-2.313286038822694,1.462304349205449,0.02941825200104206,621.4642857142868,8628.0
2025-11-25 16:00:00,SHORT,DOWNTREND,NONE,NONE,0,0,87121.31,88323.8672857143,80600.0,86643.08,WIN,1,0.39767752079763563,39.305594380921576,-0.030822600686486457,-0.21785971356275136,-0.09446295780410652,-2.143560382113666,0.8426582728576906,0.026547870955138417,628.1728571428581,8628.0
2025-11-25 19:00:00,SHORT,DOWNTREND,NONE,NONE,0,0,86882.85,88826.68107142857,82333.0,86978.0,LOSS,0,-0.04894972685567089,34.923360588855545,-0.009425952869457355,-0.21028351708910487,-0.3725344608479567,-2.3536122403733604,1.202722898217703,0.020970270134857513,716.1407142857154,6895.0
2025-11-25 21:00:00,SHORT,DOWNTREND,ENGULFING,BULLISH,1,0,87032.37,89045.86303714286,83304.87,89045.86303714286,LOSS,0,-1.0,45.823933114679434,0.004311028696379893,-0.21019062338554217,-0.20075643440631588,-2.14701597479008,0.7736015268674862,0.02008610515266827,723.6085714285717,5923.130000000005
2025-11-26 03:00:00,SHORT,DOWNTREND,NONE,NONE,0,0,87119.92,89204.40871428572,83500.0,89204.40871428572,LOSS,0,-1.0,50.36504724548071,0.06478305543036189,-0.17358591174807536,-0.18456331390430136,-1.959581846981309,0.9028917196575577,0.01404344912026361,801.4671428571435,5728.0
2025-11-26 04:00:00,SHORT,DOWNTREND,NONE,NONE,0,0,87230.23,89126.80085714285,83500.0,89126.80085714285,LOSS,0,-1.0,55.064713246938396,0.05595669530578107,-0.17199411564201572,-0.05589819996215202,-1.8175132737528026,0.6641762790632499,0.013719660401634944,749.7285714285712,5728.0
2025-11-26 11:00:00,SHORT,DOWNTREND,NONE,NONE,0,0,87095.79,88848.70621428572,83500.0,88848.70621428572,LOSS,0,-1.0,50.71549125435476,-0.016177476557655,-0.16420157028489424,-0.22723230419556223,-1.857813548558458,0.6094040343918369,0.01552011667844067,564.3321428571435,5728.0
2025-11-26 13:00:00,SHORT,DOWNTREND,NONE,NONE,0,0,87128.51,88818.57442857143,83500.0,88818.57442857143,LOSS,0,-1.0,47.3097912678798,-0.08396955250660199,-0.1727550422305879,-0.15426205522057612,-1.7802354932334212,1.3395699705353614,0.01693117638761548,544.2442857142856,5728.0
2026-01-01 11:00:00,LONG,UPTREND,PINBAR,BULLISH,1,1,88024.64,87317.93797714285,90406.08,88857.61,WIN,1,1.1786721603432788,57.796439601623874,-0.03909636036888431,-0.024625603431260856,0.03223867116482367,0.03289616901283704,0.5393117910044704,0.006034399100546203,172.58142857142957,3599.5800000000017
2026-01-09 15:00:00,LONG,UPTREND,NONE,NONE,0,0,91176.47,89634.29733428571,94789.08,90723.86,LOSS,0,-0.2934885373489393,51.596292481977336,-0.11129654641143238,-0.04464368416587927,0.1536203642209481,0.25520840693174746,5.251005443245146,0.017516131465337873,566.0078571428561,5478.080000000002
2026-01-18 17:00:00,LONG,UPTREND,NONE,NONE,0,0,95274.36,94804.21934857144,97924.49,94804.21934857144,LOSS,0,-1.0,52.82522294354153,-0.026765297151687406,0.10755791282004434,0.023362644313921727,1.144776354093617,0.715118303193658,0.003651908568039635,177.52071428571384,3631.029999999999
2026-01-18 18:00:00,LONG,UPTREND,NONE,NONE,0,0,95439.6,94781.09684857144,97924.49,94781.09684857144,LOSS,0,-1.0,62.53809697411613,-0.013665765856829548,0.10917874529117189,0.18910534393308562,1.3068897938946695,1.8791257677778819,0.004639836611962925,192.9357142857147,3631.029999999999
2026-01-18 19:00:00,LONG,UPTREND,NONE,NONE,0,0,95380.99,94783.31684857144,97924.49,94783.31684857144,LOSS,0,-1.0,57.19541742693905,0.004372633109706037,0.10919184584214925,0.12256942934829843,1.2321392170668275,1.160461057056192,0.005130072555170838,191.4557142857146,3631.029999999999
2026-01-18 20:00:00,LONG,UPTREND,NONE,NONE,0,0,95304.01,94772.52756285715,97924.49,94772.52756285715,LOSS,0,-1.0,54.74482857347362,0.011806617089060722,0.10939713954660757,0.04012419371917627,1.1388593771878472,0.35540604233165796,0.005279365193623563,198.64857142857258,3631.029999999999
2026-01-18 21:00:00,LONG,UPTREND,NONE,NONE,0,0,95430.44,94773.47149142859,97924.49,94773.47149142859,LOSS,0,-1.0,64.56747104037277,0.02209329614952793,0.11107001418444451,0.16604792751073713,1.2602032766502855,0.3861894157456365,0.005421675537425942,198.01928571428704,3631.029999999999
2026-01-18 22:00:00,LONG,UPTREND,NONE,NONE,0,0,95498.61,94779.39649142858,97924.49,94779.39649142858,LOSS,0,-1.0,62.16972959594069,0.03045915522077447,0.11402627742436167,0.22826182651339869,1.3191037402910886,1.4566521909064925,0.005859633871156536,194.06928571428685,3631.029999999999
